-- phpMyAdmin SQL Dump
-- version 5.1.1
-- https://www.phpmyadmin.net/
--
-- Servidor: 127.0.0.1
-- Tiempo de generación: 04-12-2021 a las 03:56:32
-- Versión del servidor: 10.4.21-MariaDB
-- Versión de PHP: 8.0.12

SET SQL_MODE = "NO_AUTO_VALUE_ON_ZERO";
START TRANSACTION;
SET time_zone = "+00:00";


/*!40101 SET @OLD_CHARACTER_SET_CLIENT=@@CHARACTER_SET_CLIENT */;
/*!40101 SET @OLD_CHARACTER_SET_RESULTS=@@CHARACTER_SET_RESULTS */;
/*!40101 SET @OLD_COLLATION_CONNECTION=@@COLLATION_CONNECTION */;
/*!40101 SET NAMES utf8mb4 */;

--
-- Base de datos: `bd_scraper`
--

-- --------------------------------------------------------

--
-- Estructura de tabla para la tabla `establishment`
--

CREATE TABLE `establishment` (
  `est_id` bigint(20) NOT NULL,
  `est_name` varchar(255) NOT NULL DEFAULT '0',
  `est_address` varchar(255) NOT NULL DEFAULT '0',
  `est_page_url` varchar(255) NOT NULL DEFAULT '0',
  `t_est_id` bigint(20) NOT NULL
) ENGINE=InnoDB DEFAULT CHARSET=utf8mb4;

--
-- Volcado de datos para la tabla `establishment`
--

INSERT INTO `establishment` (`est_id`, `est_name`, `est_address`, `est_page_url`, `t_est_id`) VALUES
(1, 'Metro', 'dir_01', 'url_01', 1),
(2, 'Tambo', 'dir_02', 'url_02', 2),
(5, 'Gran Mercado Mayorista de Lima', 'dir_03', 'url_03', 3),
(6, 'Tottus', 'dir_04', 'url_04', 1);

-- --------------------------------------------------------

--
-- Estructura de tabla para la tabla `establishment_type`
--

CREATE TABLE `establishment_type` (
  `t_est_id` bigint(20) NOT NULL,
  `t_est_name` varchar(255) NOT NULL DEFAULT '0'
) ENGINE=InnoDB DEFAULT CHARSET=utf8mb4;

--
-- Volcado de datos para la tabla `establishment_type`
--

INSERT INTO `establishment_type` (`t_est_id`, `t_est_name`) VALUES
(1, 'supermercado'),
(2, 'mini-market'),
(3, 'mercado');

-- --------------------------------------------------------

--
-- Estructura de tabla para la tabla `product`
--

CREATE TABLE `product` (
  `product_id` bigint(20) NOT NULL,
  `product_name` varchar(255) NOT NULL,
  `product_price` varchar(255) NOT NULL DEFAULT '0',
  `product_image` varchar(255) NOT NULL DEFAULT '0',
  `est_id` bigint(20) NOT NULL
) ENGINE=InnoDB DEFAULT CHARSET=utf8mb4 ROW_FORMAT=DYNAMIC;

--
-- Volcado de datos para la tabla `product`
--

INSERT INTO `product` (`product_id`, `product_name`, `product_price`, `product_image`, `est_id`) VALUES
(1, 'acelga', '2.38', 'img_XX', 5),
(2, 'aji amarillo seco', '12.75', 'img_XX', 5),
(3, 'aji escabeche fresco/zanahor/liso', '2.58', 'img_XX', 5),
(4, 'aji montana/chan(costa/selva)', '3.25', 'img_XX', 5),
(5, 'aji seco panca', '14.50', 'img_XX', 5),
(6, 'aji rocoto (costa/sierra/selva)', '1.60', 'img_XX', 5),
(7, 'paprika', '11.50', 'img_XX', 5),
(8, 'ajo pelado', '5.75', 'img_XX', 5),
(9, 'ajo criollo o napuri', '4.38', 'img_XX', 5),
(10, 'ajo morado/barran/legit/otros', '6.88', 'img_XX', 5),
(11, 'albahaca', '2.31', 'img_XX', 5),
(12, 'alcachofa serrana/valle/quebrada/helada', '3.38', 'img_XX', 5),
(13, 'apio', '0.90', 'img_XX', 5),
(14, 'arveja verde americana/mejora/(cri/serr)', '2.15', 'img_XX', 5),
(15, 'arveja verde blanca serrana', '2.03', 'img_XX', 5),
(16, 'berenjena (criolla/serrana)', '3.60', 'img_XX', 5),
(17, 'betarraga (criolla/serrana)', '1.33', 'img_XX', 5),
(18, 'caigua (selva)', '1.53', 'img_XX', 5),
(19, 'camote amarillo/legit/jhonatan/2001/futu', '1.01', 'img_XX', 5),
(20, 'camote morado/leg/mila/mej/pepin/paramon', '0.96', 'img_XX', 5),
(21, 'cebolla cabeza blanca nacional', '1.08', 'img_XX', 5),
(22, 'cebolla cabeza roja/maj/tamb/loc/cam/mil', '1.40', 'img_XX', 5),
(23, 'cebolla china (criolla/serrana)', '3.25', 'img_XX', 5),
(24, 'col corazon/nene/(criolla/serrana)', '1.12', 'img_XX', 5),
(25, 'coliflor (criolla/serrana)', '0.95', 'img_XX', 5),
(26, 'culantro (criollo/serrano)', '1.25', 'img_XX', 5),
(27, 'choclo serrano tipo cuzco', '2.26', 'img_XX', 5),
(28, 'esparrago/verde/blanco', '5.00', 'img_XX', 5),
(29, 'espinaca (criolla/serrana)', '1.63', 'img_XX', 5),
(30, 'frejol verde canario', '3.25', 'img_XX', 5),
(31, 'haba verde serrana', '0.98', 'img_XX', 5),
(32, 'hierbabuena (criolla/serrana)', '1.18', 'img_XX', 5),
(33, 'jolantau/organica', '5.00', 'img_XX', 5),
(34, 'col china/longapa', '5.00', 'img_XX', 5),
(35, 'pacchoy', '4.71', 'img_XX', 5),
(36, 'kion (costa/selva)', '2.75', 'img_XX', 5),
(37, 'frejolito chino', '2.50', 'img_XX', 5),
(38, 'brocoli', '1.88', 'img_XX', 5),
(39, 'huacatay (criollo/serrano)', '1.48', 'img_XX', 5),
(40, 'lechuga americana (criolla/serrana)', '1.79', 'img_XX', 5),
(41, 'lechuga criolla seda', '2.50', 'img_XX', 5),
(42, 'lechuga romana/hidrof./blanca/roja/org', '1.46', 'img_XX', 5),
(43, 'lenteja-verde/corriente', '1.87', 'img_XX', 5),
(44, 'lenteja-verde bocona/sarandaja', '2.47', 'img_XX', 5),
(45, 'limon citrico cajon', '1.66', 'img_XX', 5),
(46, 'limon citrico bolsa', '1.78', 'img_XX', 5),
(47, 'maiz morado fresc/mojad/saraso/seco', '1.78', 'img_XX', 5),
(48, 'marlo/coronta de maiz morado', '8.00', 'img_XX', 5),
(49, 'nabo (criollo/serrano)', '1.88', 'img_XX', 5),
(50, 'oregano (criollo/serrano)', '7.78', 'img_XX', 5),
(51, 'oregano seco', '13.50', 'img_XX', 5),
(52, 'olluco largo (sin lavar/lavado)', '1.48', 'img_XX', 5),
(53, 'olluco redondo (sin lavar/lavado)', '1.38', 'img_XX', 5),
(54, 'oca/amarillo/rojo', '1.40', 'img_XX', 5),
(55, 'pallar verde serrucho/cachito', '1.90', 'img_XX', 5),
(56, 'papa amarilla', '1.31', 'img_XX', 5),
(57, 'papa blanca/valle/otros', '1.08', 'img_XX', 5),
(58, 'papa color/valle/otros', '0.89', 'img_XX', 5),
(59, 'papa huayro (rojo-moro-negro)runt/marh/u', '1.20', 'img_XX', 5),
(60, 'papa huamantanga', '1.30', 'img_XX', 5),
(61, 'papa negra andina', '1.18', 'img_XX', 5),
(62, 'papa peruanita (injerto)', '1.18', 'img_XX', 5),
(63, 'papa yungay', '1.09', 'img_XX', 5),
(64, 'papa unica', '0.83', 'img_XX', 5),
(65, 'papa canchan', '0.99', 'img_XX', 5),
(66, 'pepinillo', '1.38', 'img_XX', 5),
(67, 'perejil nacional(criollo/serrano)', '1.00', 'img_XX', 5),
(68, 'pimiento morron/injerto/ranger', '4.10', 'img_XX', 5),
(69, 'poro (criollo/serrano)', '0.96', 'img_XX', 5),
(70, 'rabanito (criollo/serrano)', '2.00', 'img_XX', 5),
(71, 'tomate katia', '2.11', 'img_XX', 5),
(72, 'vainita americana/seda/pito/corrient/mad', '2.35', 'img_XX', 5),
(73, 'yuca amarilla/legitimo(cos/sel)', '2.08', 'img_XX', 5),
(74, 'zanahoria (criolla-serrana)', '0.50', 'img_XX', 5),
(75, 'zapallo italiano', '1.29', 'img_XX', 5),
(76, 'zapallo loche', '3.83', 'img_XX', 5),
(77, 'zapallo macre(costa/sierra/selva)', '1.03', 'img_XX', 5),
(78, 'mashua', '1.23', 'img_XX', 5),
(79, 'hierba luisa', '1.81', 'img_XX', 5),
(80, 'manzanilla', '4.67', 'img_XX', 5),
(81, 'anis fresco/verde (criolla/serrana)', '5.83', 'img_XX', 5),
(82, 'romero', '10.83', 'img_XX', 5),
(83, 'toronjil', '5.00', 'img_XX', 5),
(84, 'menta', '5.83', 'img_XX', 5),
(85, 'hinojo sin fruto', '3.34', 'img_XX', 5),
(86, 'cedron', '4.58', 'img_XX', 5),
(87, 'alfalfa', '1.30', 'img_XX', 5),
(88, 'yacon', '4.63', 'img_XX', 5),
(89, 'aguaymanto', '4.13', 'img_XX', 5),
(90, 'carambola', '1.79', 'img_XX', 5),
(91, 'fresa roja', '2.75', 'img_XX', 5),
(92, 'granadilla selva', '3.00', 'img_XX', 5),
(93, 'pera de agua', '6.25', 'img_XX', 5),
(94, 'platanos seda', '2.32', 'img_XX', 5),
(95, 'platanos isla', '2.58', 'img_XX', 5),
(96, 'platanos biscochito', '2.25', 'img_XX', 5),
(97, 'platanos bellaco', '1.95', 'img_XX', 5),
(98, 'platanos palillo', '2.50', 'img_XX', 5),
(99, 'uva borgoña negra', '5.38', 'img_XX', 5),
(100, 'uva italia', '7.25', 'img_XX', 5),
(101, 'manzana delicia(costa)', '2.95', 'img_XX', 5),
(102, 'manzana corriente para agua', '1.35', 'img_XX', 5),
(103, 'manzana israel', '2.25', 'img_XX', 5),
(104, 'manzana chilena roja', '6.50', 'img_XX', 5),
(105, 'manzana chilena verde', '6.75', 'img_XX', 5),
(106, 'manzana chilena fuji', '6.50', 'img_XX', 5),
(107, 'manzana chilena royal', '6.00', 'img_XX', 5),
(108, 'maracuya costa', '2.20', 'img_XX', 5),
(109, 'tuna huarochiri', '3.63', 'img_XX', 5),
(110, 'sandia', '1.20', 'img_XX', 5),
(111, 'cocona selva', '3.75', 'img_XX', 5),
(112, 'naranja valencia selva', '1.04', 'img_XX', 5),
(113, 'naranja huando', '4.13', 'img_XX', 5),
(114, 'piña hawayana', '1.60', 'img_XX', 5),
(115, 'piña golden', '1.43', 'img_XX', 5),
(116, 'palta fuerte costa', '5.50', 'img_XX', 5),
(117, 'papaya selva', '1.72', 'img_XX', 5),
(118, 'melocoton', '4.50', 'img_XX', 5),
(119, 'membrillo', '3.00', 'img_XX', 5),
(120, 'tamarindo(con cascara)costa', '7.00', 'img_XX', 5),
(121, 'granada(costa)', '2.95', 'img_XX', 5),
(122, 'lucma', '5.75', 'img_XX', 5),
(123, 'pitahaya', '8.50', 'img_XX', 5),
(124, 'arandanos', '11.25', 'img_XX', 5),
(125, 'coco(costa/selva)', '2.29', 'img_XX', 5),
(126, 'chirimoya cumbe', '5.75', 'img_XX', 5),
(127, 'mandarina', '1.95', 'img_XX', 5),
(128, 'melon', '3.18', 'img_XX', 5),
(129, 'plátano de seda metro x kg', '3.29', 'img_XX', 1),
(130, 'zanahoria especial x kg', '3.59', 'img_XX', 1),
(131, 'palta fuerte metro x kg', '10.69', 'img_XX', 1),
(132, 'limón x kg', '3.99', 'img_XX', 1),
(133, 'papaya metro x kg', '4.99', 'img_XX', 1),
(134, 'fresa americana metro x kg', '8.49', 'img_XX', 1),
(135, 'papa blanca x kg', '2.59', 'img_XX', 1),
(136, 'camote amarillo metro x kg', '2.49', 'img_XX', 1),
(137, 'choclo especial x unid', '2.39', 'img_XX', 1),
(138, 'naranja para jugo chanchamayo metro x kg', '2.39', 'img_XX', 1),
(139, 'mango edward metro x kg', '4.99', 'img_XX', 1),
(140, 'pimiento metro x kg', '12.39', 'img_XX', 1),
(141, 'zapallo macre x kg', '3.69', 'img_XX', 1),
(142, 'papa amarilla tumbay x kg', '5.19', 'img_XX', 1),
(143, 'champiñones enteros metro bandeja 200 gr', '6.30', 'img_XX', 1),
(144, 'lechuga metro x unid', '2.40', 'img_XX', 1),
(145, 'plátano de isla metro x unid', '1.05', 'img_XX', 1),
(146, 'piña golden x kg', '5.29', 'img_XX', 1),
(147, 'manzana delicia kinder x kg', '3.49', 'img_XX', 1),
(148, 'melón coquito metro x kg', '3.49', 'img_XX', 1),
(149, 'lechuga americana metro x unid', '2.49', 'img_XX', 1),
(150, 'granadilla especial x unid', '0.99', 'img_XX', 1),
(151, 'champiñones enteros paccu bandeja 200 gr', '6.40', 'img_XX', 1),
(152, 'manzana roja importada x kg', '7.29', 'img_XX', 1),
(153, 'palta madura bolsa 1 kg', '15.69', 'img_XX', 1),
(154, 'papa amarilla tumbay agro selecto bolsa 1 kg', '7.20', 'img_XX', 1),
(155, 'tomate saladette hidropónico de invernadero ecologic bolsa', '6.60', 'img_XX', 1),
(156, 'lechuga crespa hidropónica de invernadero ecologic x unid', '2.70', 'img_XX', 1),
(157, 'lechuga de seda hidropónica de invernadero ecologic x unid', '2.40', 'img_XX', 1),
(158, 'plátano bellaco metro x kg', '4.39', 'img_XX', 1),
(159, 'papa huayro metro x kg', '4.99', 'img_XX', 1),
(160, 'manzana rayada metro x kg', '3.99', 'img_XX', 1),
(161, 'manzana israel añawi metro x kg', '3.99', 'img_XX', 1),
(162, 'kión metro x kg', '11.99', 'img_XX', 1),
(163, 'pepino melón x kg', '6.00', 'img_XX', 1),
(164, 'rabanito fitz bolsa', '3.29', 'img_XX', 1),
(165, 'cebolla blanca campo lindo x kg', '5.99', 'img_XX', 1),
(166, 'papa blanca cocktail x kg', '2.49', 'img_XX', 1),
(167, 'plátano bizcocho tipo exportación x kg', '5.49', 'img_XX', 1),
(168, 'plátano de seda tipo exportación x kg', '4.99', 'img_XX', 1),
(169, 'manzana verde importada x kg', '8.49', 'img_XX', 1),
(170, 'kiwi x kg', '12.99', 'img_XX', 1),
(171, 'camote amarillo agro selecto bolsa 1 kg', '3.60', 'img_XX', 1),
(172, 'cebolla roja agro selecto bolsa 1 kg', '3.90', 'img_XX', 1),
(173, 'pepino holandés hidropónico de invernadero ecologic x unid', '3.90', 'img_XX', 1),
(174, 'olluco picado metro bandeja 600 gr', '8.00', 'img_XX', 1),
(175, 'papa amarilla tumbay especial metro x kg', '4.59', 'img_XX', 1),
(176, 'membrillo x kg', '7.49', 'img_XX', 1),
(177, 'fresa americana bandeja 600 gr', '8.49', 'img_XX', 1),
(178, 'manzana fuji x kg', '7.99', 'img_XX', 1),
(179, 'maíz morado campo lindo x kg', '13.20', 'img_XX', 1),
(180, 'nabo x kg', '4.19', 'img_XX', 1),
(181, 'media col corazón', '2.99', 'img_XX', 1),
(182, 'lechuga hidropónica don miguel x unid', '3.30', 'img_XX', 1),
(183, 'coliflor x unid', '4.79', 'img_XX', 1),
(184, 'zanahoria rayada ecologic bolsa 300 g', '5.60', 'img_XX', 1),
(185, 'apio en bastones ecologic bolsa 200 g', '3.30', 'img_XX', 1),
(186, 'mix de lechuga crespa ecologic x 2 unid', '3.20', 'img_XX', 1),
(187, 'cebolla blanca agro selecto bolsa 1 kg', '3.60', 'img_XX', 1),
(188, 'papa negra andina agro selecto bolsa 1 kg', '4.50', 'img_XX', 1),
(189, 'camote morado agro selecto bolsa 1 kg', '4.20', 'img_XX', 1),
(190, 'papa canchán procesada agro selecto bolsa 1 kg', '4.10', 'img_XX', 1),
(191, 'papa amarilla tumbay procesada agro selecto bolsa 2 kg', '13.80', 'img_XX', 1),
(192, 'cebolla roja agro selecto bolsa 2 kg', '7.00', 'img_XX', 1),
(193, 'mix plus ecologic bolsa 250 g', '5.10', 'img_XX', 1),
(194, 'lechuga hoja de roble verde hidropónica de invernadero ecologic x unid', '2.40', 'img_XX', 1),
(195, 'lechuga romana hidropónica de invernadero ecologic x unid', '3.60', 'img_XX', 1),
(196, 'lechuga roja hidropónica de invernadero ecologic x unid', '2.40', 'img_XX', 1),
(197, 'pepinillo pickles hidropónico de invernadero ecologic bandeja 300 gr', '4.70', 'img_XX', 1),
(198, 'pimiento de colores hidropónico de invernadero ecologic bolsa 3 unid', '8.40', 'img_XX', 1),
(199, 'tomate cherry baby hidropónico de invernadero ecologic bandeja 300 gr', '5.80', 'img_XX', 1),
(200, 'verduras para ensalada rusa o mixta metro bandeja 600 gr', '10.30', 'img_XX', 1),
(201, 'tuna roja metro x kg', '5.49', 'img_XX', 1),
(202, 'papa peruanita cocktail ready to cook campo lindo bolsa 800 gr', '7.20', 'img_XX', 1),
(203, 'lechuga de invernadero oakleaf don miguel', '6.60', 'img_XX', 1),
(204, 'ajos pelados mr. ajo bolsa 250 gr', '9.79', 'img_XX', 1),
(205, 'frijol chino x kg', '4.79', 'img_XX', 1),
(206, 'naranja de mesa importada x kg', '9.99', 'img_XX', 1),
(207, 'ensalada parrillera ecologic x 400 g', '2.80', 'img_XX', 1),
(208, 'apio en tallos ecologic bolsa 400 g', '6.40', 'img_XX', 1),
(209, 'champiñones crimini enteros paccu bandeja 200 gr', '6.50', 'img_XX', 1),
(210, 'papa negra andina agro selecto bolsa 2 kg', '8.40', 'img_XX', 1),
(211, 'verduras chinas metro bandeja 700 gr', '11.70', 'img_XX', 1),
(212, 'choclo desgranado metro bandeja 450 gr', '8.00', 'img_XX', 1),
(213, 'verduras para sopa serrana metro bandeja 700 gr', '9.60', 'img_XX', 1),
(214, 'verduras para sopa casera don verde bolsa 250 gr', '6.50', 'img_XX', 1),
(215, 'verduras picadas para estofado de carne metro bandeja 200 gr', '9.10', 'img_XX', 1),
(216, 'verduras picadas para arroz con pollo metro bandeja 200 gr', '8.50', 'img_XX', 1),
(217, 'verduras para menestrón metro bandeja 700 gr', '12.30', 'img_XX', 1),
(218, 'ajos pelados mr. ajo bandeja 150 gr', '7.29', 'img_XX', 1),
(219, 'lechuga cultivada con agua de pozo la caserita', '3.20', 'img_XX', 1),
(220, 'media col china', '2.49', 'img_XX', 1),
(221, 'ajos picados mr.ajo pote 250 g', '10.99', 'img_XX', 1),
(222, 'papa huamantanga agro selecto bolsa 1 kg', '6.00', 'img_XX', 1),
(223, 'camote amarillo procesado agro selecto bolsa 2 kg', '7.10', 'img_XX', 1),
(224, 'zanahoria baby hidropónica de invernadero ecologic bandeja 250 gr', '5.40', 'img_XX', 1),
(225, 'sopa de verduras diet metro bandeja 600 gr', '9.60', 'img_XX', 1),
(226, 'camote morado ready to cook campo lindo bolsa 800 gr', '4.99', 'img_XX', 1),
(227, 'camote amarillo ready to cook campo lindo bolsa 800 gr', '4.89', 'img_XX', 1),
(228, 'papa blanca ready to cook campo lindo bolsa 800 gr', '6.50', 'img_XX', 1),
(229, 'habas peladas metro bandeja 200 gr', '7.60', 'img_XX', 1),
(230, 'media col morada x unid', '4.79', 'img_XX', 1),
(231, 'mix col y zanahoria ecologic bolsa 250 g', '7.10', 'img_XX', 1),
(232, 'papaya hawaiana super x kg', '5.29', 'img_XX', 1),
(233, 'ajo picado mr. ajo bandeja 150 g', '8.29', 'img_XX', 1),
(234, 'verdura picada para locro metro bandeja 700 gr', '10.70', 'img_XX', 1),
(235, 'yacón x kg', '12.49', 'img_XX', 1),
(236, 'mix de lechugas hidropónicas don miguel bandeja 150 g', '8.60', 'img_XX', 1),
(237, 'sopa andina metro bandeja 350 gr', '7.80', 'img_XX', 1),
(238, 'verduras chinas metro bandeja 350 gr', '7.50', 'img_XX', 1),
(239, 'sopa mixta metro bandeja 300 gr', '6.90', 'img_XX', 1),
(240, 'cebolla picada en cubos o juliana metro bandeja 200 gr', '7.20', 'img_XX', 1),
(241, 'verduras para menestrón metro bandeja 300 gr', '9.00', 'img_XX', 1),
(242, 'verduras para sancochado metro bandeja 800 gr', '9.80', 'img_XX', 1),
(243, 'verduras para ensalada delicia metro bandeja 400 gr', '7.20', 'img_XX', 1),
(244, 'frijol verde pelado metro bandeja 200 gr', '7.80', 'img_XX', 1),
(245, 'crema de verduras metro bandeja 700 gr', '8.90', 'img_XX', 1),
(246, 'cocona metro x kg', '9.39', 'img_XX', 1),
(247, 'toronja sin pepa metro x kg', '5.99', 'img_XX', 1),
(248, 'mezcla para preparar chicha morada campo lindo bolsa 250 gr', '8.80', 'img_XX', 1),
(249, 'maíz morado deshidratado campo lindo bolsa 1 kg', '15.00', 'img_XX', 1),
(250, 'lechuga hidropónica x unid', '2.99', 'img_XX', 1),
(251, 'germinado de alfalfa age bandeja 100 gr', '13.10', 'img_XX', 1),
(252, 'carne molida especial nacional x kg', '18.90', 'img_XX', 1),
(253, 'huevos pardos pack 2 paquetes x 15 unid', '13.50', 'img_XX', 1),
(254, 'churrasco redondo nacional porcionado x kg', '26.90', 'img_XX', 1),
(255, 'carne para guiso nacional empacado x kg', '28.90', 'img_XX', 1),
(256, 'filete de tilapia bolsa 1 kg', '23.50', 'img_XX', 1),
(257, 'huevos de corral metro bandeja 12 unid', '9.20', 'img_XX', 1),
(258, 'carne para guiso nacional x kg', '28.90', 'img_XX', 1),
(259, 'nuggets de pollo con brócoli y queso avinka bolsa 300 g', '8.99', 'img_XX', 1),
(260, 'sancochado de osobuco nacional porcionado en bandeja x kg', '19.90', 'img_XX', 1),
(261, 'sancochado de pescuezo nacional metro en bandeja x kg', '18.90', 'img_XX', 1),
(262, 'pierna con encuentro congelada importada x kg', '6.99', 'img_XX', 1),
(263, 'hamburguesas super de pollo san fernando bolsa 14 unid', '10.90', 'img_XX', 1),
(264, 'hamburguesas de pollo redondos bolsa 14 unid', '11.49', 'img_XX', 1),
(265, 'nuggets de pollo san fernando bolsa 180 g', '3.99', 'img_XX', 1),
(266, 'nuggets de pechuga de pollo san fernando caja 24 unid', '13.49', 'img_XX', 1),
(267, 'sangrecita sin condimentos redondos bolsa 500 g', '6.39', 'img_XX', 1),
(268, 'filete de tilapia skin pack x 500 g', '29.90', 'img_XX', 1),
(269, 'filete de tilapia congelada bolsa 500 g', '11.50', 'img_XX', 1),
(270, 'churrasco largo nacional porcionado x kg', '26.90', 'img_XX', 1),
(271, 'trucha entera eviscerada x kg', '19.90', 'img_XX', 1),
(272, 'hamburguesa la súper san fernando bolsa 14 unid', '13.90', 'img_XX', 1),
(273, 'filete de trucha x kg', '45.50', 'img_XX', 1),
(274, 'filete de trucha arco iris bolsa 500 g', '27.90', 'img_XX', 1),
(275, 'hamburguesa casera de pollo san fernando bolsa 14 unid', '12.90', 'img_XX', 1),
(276, 'salmón en trozos oregon foods bolsa 500 g', '38.90', 'img_XX', 1),
(277, 'sancochado punta de pecho nacional metro en bandeja x kg', '17.99', 'img_XX', 1),
(278, 'súper hamburguesa de res la segoviana bolsa 16 unid', '14.50', 'img_XX', 1),
(279, 'filete de salmón fresco x kg', '72.50', 'img_XX', 1),
(280, 'hamburguesas de pollo x kg', '14.50', 'img_XX', 1),
(281, 'alitas de pollo sabor brasa caja 400 g', '14.99', 'img_XX', 1),
(282, 'porciones de bonito congelado bolsa 500 g', '10.90', 'img_XX', 1),
(283, 'tilapia entera eviscerada x kg', '14.50', 'img_XX', 1),
(284, 'trucha deshuesada x kg', '29.90', 'img_XX', 1),
(285, 'hamburguesa parrillera de pollo oregon foods caja 4 unid', '20.49', 'img_XX', 1),
(286, 'pollada criolla redondos bolsa 2 unid', '10.99', 'img_XX', 1),
(287, 'hamburguesa ranchera de pollo oregon foods bolsa 6 unid', '12.99', 'img_XX', 1),
(288, 'enrollado delizzia de pavita san fernando x unid', '43.79', 'img_XX', 1),
(289, 'muslitos a la bbq bolsa 1 kg', '23.60', 'img_XX', 1),
(290, 'hamburguesa de res mini burger argentina caja 12 unid', '30.90', 'img_XX', 1),
(291, 'hamburguesa de res burger argentina caja 4 unid', '39.90', 'img_XX', 1),
(292, 'asado de pejerrey en mitad bolsa 1 kg', '57.90', 'img_XX', 1),
(293, 'costilla baby back congelada x kg', '43.90', 'img_XX', 1),
(294, 'pop corn chicken avinka bolsa 450 g', '16.59', 'img_XX', 1),
(295, 'hamburguesa premium de pollo avinka caja 4 unid', '13.99', 'img_XX', 1),
(296, 'hamburguesa parrillera de pollo finas hierbas redondos caja 600 g', '18.90', 'img_XX', 1),
(297, 'hamburguesa parrillera de pollo redondos caja 600 g', '18.90', 'img_XX', 1),
(298, 'enrollado de cerdo con tocino y guindón edición limitada 1 kg', '37.90', 'img_XX', 1),
(299, 'bife angosto de ternero wong x kg', '66.90', 'img_XX', 1),
(300, 'lomo fino nacional metro x kg', '74.00', 'img_XX', 1),
(301, 'hamburguesas de pollo redondos bolsa 6 unid', '5.95', 'img_XX', 1),
(302, 'tollo de leche entero', '28.50', 'img_XX', 1),
(303, 'hamburguesas de pavita san fernando caja 6 unid', '16.20', 'img_XX', 1),
(304, 'pollo enrollado de la casa x kg', '33.00', 'img_XX', 1),
(305, 'enrollado americano de pavita san fernando x unid', '43.79', 'img_XX', 1),
(306, 'bife de lomo de cerdo x kg', '28.90', 'img_XX', 1),
(307, 'enrollado especial de cerdo alamesa con jamón y piña', '34.50', 'img_XX', 1),
(308, 'panetón clásico bolsa 900 g', '9.90', 'img_XX', 1),
(309, 'pan de molde blanco bimbo bolsa 750 g', '12.50', 'img_XX', 1),
(310, 'pan de molde integral bimbo bolsa 750 g', '12.50', 'img_XX', 1),
(311, 'panetón clásico doypack 900 g', '24.50', 'img_XX', 1),
(312, 'panetón clásico caja 900 g', '28.00', 'img_XX', 1),
(313, 'mermelada de fresa gloria frasco 1 kg', '11.90', 'img_XX', 1),
(314, 'café instantáneo altomayo gourmet lata 200 g', '28.99', 'img_XX', 1),
(315, 'cocoa winter\'s doypack 400 g', '15.50', 'img_XX', 1),
(316, 'café instantáneo nescafé tradición frasco 200 g', '25.69', 'img_XX', 1),
(317, 'cereal de maíz integral sin gluten corn flakes bolsa 800 gr', '16.49', 'img_XX', 1),
(318, 'milo activ-go refill chocolate doypack 380 g', '15.90', 'img_XX', 1),
(319, 'cereal de maíz integral sin gluten corn flakes caja 405 gr', '11.89', 'img_XX', 1),
(320, 'azúcar rubia paramonga bolsa 1 kg', '3.90', 'img_XX', 1),
(321, 'mermelada de fresa gloria pote 320 gr', '5.70', 'img_XX', 1),
(322, 'cocoa winter\'s doypack 160 g', '7.20', 'img_XX', 1),
(323, 'nesquik nestlé de chocolate lata 400 g', '13.90', 'img_XX', 1),
(324, 'café instantáneo con caramelo kirma clásico lata 190 g', '20.49', 'img_XX', 1),
(325, 'tableta para taza sabor chocolate clavo y canela tableta 90 g', '1.99', 'img_XX', 1),
(326, 'café tostado y molido bolsa 1 kg', '33.30', 'img_XX', 1),
(327, 'azúcar rubia cuisine&co bolsa 5 kg', '14.99', 'img_XX', 1),
(328, 'maca avena cuisine&co bolsa 300 g', '4.30', 'img_XX', 1),
(329, 'hojuelas de avena precocida cuisine & co bolsa 1 kg', '9.95', 'img_XX', 1),
(330, 'mermelada de naranja cuisine & co frasco 370 g', '5.90', 'img_XX', 1),
(331, 'panetón de maicena doypack 800 g', '22.90', 'img_XX', 1),
(332, 'panetón clásico ¡buon natale! doypack 800 g', '19.00', 'img_XX', 1),
(333, 'cereal de trigo integral sin azúcar fitness caja 570 g', '20.90', 'img_XX', 1),
(334, 'crema avellanas chocovainilla cuisine & co frasco 350 g', '9.90', 'img_XX', 1),
(335, 'crema avellanas cuisine & co frasco 350 g', '9.90', 'img_XX', 1),
(336, 'pan integral metro 900 g', '10.95', 'img_XX', 1),
(337, 'panetón clásico doypack 900 g', '23.00', 'img_XX', 1),
(338, 'panetón clásico caja 900 g', '24.90', 'img_XX', 1),
(339, 'panetón con gotas sabor chocolate chocotón caja 500 g', '19.00', 'img_XX', 1),
(340, 'tostadas clásicas bimbo paquete 10 unid', '6.50', 'img_XX', 1),
(341, 'chocolate para taza pasta pura de cacao sin azúcar tableta 300 g', '13.99', 'img_XX', 1),
(342, 'pan de molde de semillas bimbo vital bolsa 600 g', '11.99', 'img_XX', 1),
(343, 'chocolate para taza 42% cacao tableta 90 g', '4.50', 'img_XX', 1),
(344, 'alimento granulado milo activ-go nestlé lata 400 g', '18.90', 'img_XX', 1),
(345, 'mermelada de fresa gloria vaso 310 gr', '4.90', 'img_XX', 1),
(346, 'cereal trigo con chocolate chocapic nestlé caja 350 g', '14.90', 'img_XX', 1),
(347, 'hojuelas de maíz corn flakes kellogg\'s caja 500 g', '14.99', 'img_XX', 1),
(348, 'panetón mini con cobertura sabor chocolate caja 125 g', '7.00', 'img_XX', 1),
(349, 'panetón con chispas sabor chocolate bolsa 90 g', '2.40', 'img_XX', 1),
(350, 'mermelada de higo cuisine & co pote 350 g', '6.30', 'img_XX', 1),
(351, 'mermelada de piña pote 350 g', '6.30', 'img_XX', 1),
(352, 'pack milo granulado activ-go nestle lata 400 g + mezcla láctea ideal amanecer lata 395 g', '19.90', 'img_XX', 1),
(353, 'bebida fortificada nutri plus milo activ-go caja 165 ml pack 6 unid', '10.80', 'img_XX', 1),
(354, 'mermelada de fresa gloria doypack 200 gr', '3.50', 'img_XX', 1),
(355, 'panetón clásico mini panetoncito caja 90 g', '4.20', 'img_XX', 1),
(356, 'mermelada de saúco cuisine & co frasco 370 g', '5.90', 'img_XX', 1),
(357, 'mermelada de fresa cuisine & co frasco 370 g', '5.90', 'img_XX', 1),
(358, 'mermelada de piña cuisine & co frasco 370 g', '5.90', 'img_XX', 1),
(359, 'mermelada de durazno cuisine & co frasco 370 g', '5.90', 'img_XX', 1),
(360, 'granola trozos de chocolate cuisine & co caja 300 gr', '10.50', 'img_XX', 1),
(361, 'granola frutos del bosque cuisine & co caja 300 gr', '10.50', 'img_XX', 1),
(362, 'granola almendras y pasas cuisine & co caja 300 gr', '10.50', 'img_XX', 1),
(363, 'pan de molde tipo artesanal integral artesano bimbo bolsa 530 g', '10.50', 'img_XX', 1),
(364, 'panetón clásico bolsa 900 g', '9.35', 'img_XX', 1),
(365, 'pan blanco metro 900 g', '10.95', 'img_XX', 1),
(366, 'tableta para taza sabor chocolate tipo cusco tableta 85 g', '1.50', 'img_XX', 1),
(367, 'panetón clásico lata 900 g surtido', '36.90', 'img_XX', 1),
(368, 'panetón clásico caja 750 g', '22.00', 'img_XX', 1),
(369, 'panetón clásico frutas caja 900 g', '31.99', 'img_XX', 1),
(370, 'panetón clásico caja 900 g + panetón mini clásico 100 g', '29.40', 'img_XX', 1),
(371, 'panetón clásico caja 900 g', '24.90', 'img_XX', 1),
(372, 'panetón mini con chispas sabor chocolate caja 90 g surtido', '3.99', 'img_XX', 1),
(373, 'miel de abeja dulce natura floración silvestre frasco 1100 g', '46.90', 'img_XX', 1),
(374, 'keke naranja bimbo paquete 380 g', '8.50', 'img_XX', 1),
(375, 'tostadas integrales bimbo paquete 10 unid', '6.50', 'img_XX', 1),
(376, 'tostadas integrales pyc paquete 8 unid', '4.50', 'img_XX', 1),
(377, 'tostadas clásicas pyc paquete 8 unid', '4.50', 'img_XX', 1),
(378, 'chocolate instantáneo sabor canela y clavo lata 324 g', '16.50', 'img_XX', 1),
(379, 'café instantáneo con caramelo kirma clásico doypack 100 g', '12.50', 'img_XX', 1),
(380, 'café instantáneo con caramelo kirma clásico doypack 100 g', '14.90', 'img_XX', 1),
(381, 'cereal corn flakes nestlé caja 180 g', '7.89', 'img_XX', 1),
(382, 'chocolate para taza pasta pura de cacao sin azúcar tableta 100 g', '5.90', 'img_XX', 1),
(383, 'pan de molde tipo artesanal original artesano bimbo bolsa 530 g', '10.50', 'img_XX', 1),
(384, 'miel de abeja dolce natura floración silvestre frasco 300 g', '15.90', 'img_XX', 1),
(385, 'mermelada de fresa gloria doypack 800 gr', '9.20', 'img_XX', 1),
(386, 'aros de maíz, trigo y avena froot loops kellogg\'s caja 230 g', '15.99', 'img_XX', 1),
(387, 'alimento granulado milo activ-go lata 1 kg', '36.20', 'img_XX', 1),
(388, 'café molido tueste oscuro leyenda 250 g', '18.90', 'img_XX', 1),
(389, 'café instantáneo liofilizado clásico juan valdez frasco 95 gr', '33.90', 'img_XX', 1),
(390, 'café instantáneo nescafé gold frasco 100 g', '26.90', 'img_XX', 1),
(391, 'tableta para taza sabor chocolate tableta 90 g', '1.99', 'img_XX', 1),
(392, 'panetón clásico metro bolsa 900 g + gaseosa inca kola botella 1.5 lt', '16.10', 'img_XX', 1),
(393, 'panetón clásico metro bolsa 900 g + gaseosa coca cola botella 1.5 lt', '16.10', 'img_XX', 1),
(394, 'brownie con toppings chocolate sublime gustozzi caja 4 unid', '9.90', 'img_XX', 1),
(395, 'panetón blanca flor pack 6 ziplocs de 900 g c/u', '126.00', 'img_XX', 1),
(396, 'panetón máxima pack 6 bolsas de 900 g c/u', '56.10', 'img_XX', 1),
(397, 'panetón metro pack 6 bolsas de 900 g c/u', '59.40', 'img_XX', 1),
(398, 'mermelada diet helios sin gluten fresa frasco 340 g', '19.90', 'img_XX', 1),
(399, 'hojuelas de maíz azucaradas zucaritas kellogg\'s caja 300 g', '15.90', 'img_XX', 1),
(400, 'panetón con chispas sabor chocolate chocolúcuma caja 500 g', '15.80', 'img_XX', 1),
(401, 'panetón clásico ¡buon natale! caja 800 g', '20.40', 'img_XX', 1),
(402, 'panetón con chispas sabor chocolate choco chispas caja 500 g', '17.80', 'img_XX', 1),
(403, 'colcafe capuccino mocca caja 6 sobres', '8.90', 'img_XX', 1),
(404, 'chocolate para taza winter\'s tableta 90 g', '3.80', 'img_XX', 1),
(405, 'miel de abeja dulce natura floración eucalipto frasco 1100 g', '46.90', 'img_XX', 1),
(406, 'avena con maca quaker bolsa 360 g', '7.89', 'img_XX', 1),
(407, 'endulzante en tabletas splenda libre de calorías dispenser 300 unid', '36.49', 'img_XX', 1),
(408, 'café molido leyenda mocca bolsa 250 g', '18.90', 'img_XX', 1),
(409, 'café instantáneo liofilizado clásico juan valdez frasco 50 gr', '21.90', 'img_XX', 1),
(410, 'chocolate para taza con azúcar 42% cacao tableta 100 g', '7.50', 'img_XX', 1),
(411, 'café instantáneo tradición frasco 100 g + sobre 50 g', '24.99', 'img_XX', 1),
(412, 'panetón clásico metro bolsa 900 g + gaseosa inca kola sin azúcar botella 1.5 lt', '16.10', 'img_XX', 1),
(413, 'panetón clásico metro bolsa 900 g + gaseosa coca cola sin azúcar botella 1.5 lt', '16.10', 'img_XX', 1),
(414, 'café instantáneo tradición colección 2021 lucía coz lata 200 g', '23.90', 'img_XX', 1),
(415, 'panetón salado caja 500 g', '26.99', 'img_XX', 1),
(416, 'chocolate para taza pasta pura de cacao sin azúcar tableta 17.5 g pack 12 unid', '16.00', 'img_XX', 1),
(417, 'chocolate instantáneo moka lata 220 g', '16.50', 'img_XX', 1),
(418, 'chocolate instantáneo 40% cacao dark lata 220 g', '16.50', 'img_XX', 1),
(419, 'chocolate para taza 46% cacao tableta 90 g', '5.90', 'img_XX', 1),
(420, 'panetón clásico doypack 900 g', '18.90', 'img_XX', 1),
(421, 'panetón clásico caja 900 g', '21.90', 'img_XX', 1),
(422, 'panetón clásico doypack 900 g', '18.90', 'img_XX', 1),
(423, 'café instantáneo gourmet aves lata coleccionable 120 g', '19.50', 'img_XX', 1),
(424, 'café instantáneo clásico aves lata coleccionable 120 g', '17.99', 'img_XX', 1),
(425, 'hojuelas de maíz azucaradas sabor manjar zucaritas caja 480 g', '24.90', 'img_XX', 1),
(426, 'cereales con sabor a frutas froot loops jumbo caja 340 g', '24.90', 'img_XX', 1),
(427, 'cereales sabor chocolate hershey\'s chococereal caja 310 g', '26.90', 'img_XX', 1),
(428, 'café descafeinado instantáneo jacobs frasco 100 g', '22.90', 'img_XX', 1),
(429, 'brownie con toppings chocolate princesa gustozzi caja 4 unid', '9.90', 'img_XX', 1),
(430, 'café en grano tostado medio cusco místico artidoro rodriguez doypack 250 g', '29.90', 'img_XX', 1),
(431, 'café molido tostado medio cusco místico artidoro rodriguez doypack 250 g', '29.90', 'img_XX', 1),
(432, 'chocolatada en polvo miskísimoo doypack 200 g', '7.90', 'img_XX', 1),
(433, 'panetón con gotas sabor doble chocolate chocotón caja 500 g', '21.90', 'img_XX', 1),
(434, 'café molido artidoro rodríguez doypack 250 g', '29.90', 'img_XX', 1),
(435, 'mermelada de sauco cuisine & co pote 220 g', '6.30', 'img_XX', 1),
(436, 'mermelada de aguaymanto cuisine & co pote 220 g', '6.30', 'img_XX', 1),
(437, 'mermelada de fresa pote 350 g', '6.30', 'img_XX', 1),
(438, 'mermelada de naranja cuisine & co pote 350 g', '6.30', 'img_XX', 1),
(439, 'miel de abejas cosecha del paraíso frasco 300 g', '18.50', 'img_XX', 1),
(440, 'miel de abejas cosecha del paraíso frasco 500 g', '26.90', 'img_XX', 1),
(441, 'crema de avellanas winter\'s pote 350 g', '24.90', 'img_XX', 1),
(442, 'café gold suave cronat gold jacobs frasco 200 g', '39.90', 'img_XX', 1),
(443, 'café gold suave cronat gold jacobs frasco 100 g', '22.99', 'img_XX', 1),
(444, 'café intenso kronung jacobs frasco 100 g', '22.99', 'img_XX', 1),
(445, 'miel de abeja cuisine&co frasco 600 g', '25.90', 'img_XX', 1),
(446, 'miel de abeja cuisine&co frasco 300 g', '15.59', 'img_XX', 1),
(447, 'panetón integral caja 500 g', '20.90', 'img_XX', 1),
(448, 'panetón integral bolsa 900 g', '23.70', 'img_XX', 1),
(449, 'kekitos surtidos gustozzito pack 4 unidades de 50 g c/u', '6.99', 'img_XX', 1),
(450, 'panetón gloria pack 6 cajas de 900 g c/u', '156.00', 'img_XX', 1),
(451, 'panetón gloria pack 6 bolsas de 900 g c/u', '138.00', 'img_XX', 1),
(452, 'panetón bauducco pack 6 cajas de 900 g c/u', '191.94', 'img_XX', 1),
(453, 'panetón donofrio pack 6 cajas de 900 g c/u', '162.00', 'img_XX', 1),
(454, 'café instantáneo liofilizado dulce de leche juan valdez frasco 95 gr', '33.90', 'img_XX', 1),
(455, 'café instantáneo liofilizado avellana juan valdez frasco 95 gr', '33.90', 'img_XX', 1),
(456, 'panetón con gotas sabor chocolate chocotóncito caja 80 g', '4.20', 'img_XX', 1),
(457, 'hojuelitas con salvado de maíz angel caja 250 g', '10.90', 'img_XX', 1),
(458, 'café instantáneo orgánico nescafé gold frasco 100 g', '29.90', 'img_XX', 1),
(459, 'crema de avellanas nutella frasco 140 gr', '19.50', 'img_XX', 1),
(460, 'edulcorante de mesa de stevia splenda caja 160 sobres', '71.39', 'img_XX', 1),
(461, 'edulcorante de mesa de stevia splenda caja 80 sobres', '38.00', 'img_XX', 1),
(462, 'avena mix berries + chía skinny mood huella verde doypack 600 g', '27.00', 'img_XX', 1),
(463, 'avena mix quinua + maca superfood huella verde doypack 600 g', '27.00', 'img_XX', 1),
(464, 'chocolate para taza con azúcar 65% cacao tableta 90 g', '5.90', 'img_XX', 1),
(465, 'chocolate para taza sin azúcar 100% cacao tableta 90 g', '8.90', 'img_XX', 1),
(466, 'panetón reserva caja 750 g', '50.00', 'img_XX', 1),
(467, 'mermelada de fresa sin gluten helios frasco 340 g', '19.90', 'img_XX', 1),
(468, 'café peruano tostado y molido descafeinado pichanaki junín cuisine & co doypack 250 gr', '29.90', 'img_XX', 1),
(469, 'cereal mix avena y almendras cuisine & co caja 380 gr', '13.50', 'img_XX', 1),
(470, 'cereal cuadritos de avena cuisine & co caja 370 gr', '13.50', 'img_XX', 1),
(471, 'cereal up miel cuisine & co caja 380 gr', '13.50', 'img_XX', 1),
(472, 'cereal up tradicional cuisine & co caja 380 gr', '13.50', 'img_XX', 1),
(473, 'chocolate para taza orgánico 100% cacao tableta 100 g', '9.30', 'img_XX', 1),
(474, 'tableta para taza tableta 90 g', '1.55', 'img_XX', 1),
(475, 'panetón con relleno sabor manjar chocotón caja 500 g', '21.90', 'img_XX', 1),
(476, 'café peruano tostado y molido monteverde amazonas cuisine & co doypack 250 gr', '29.90', 'img_XX', 1),
(477, 'café peruano tostado y molido jerillo san martín cuisine & co doypack 250 gr', '29.90', 'img_XX', 1),
(478, 'café peruano tostado y molido churupampa cajamarca cuisine & co doypack 250 gr', '29.90', 'img_XX', 1),
(479, 'café sello rojo contenido 425 g', '14.99', 'img_XX', 1),
(480, 'café sello rojo contenido 212 g', '7.99', 'img_XX', 1),
(481, 'panetón clásico doypack 850 g', '17.00', 'img_XX', 1),
(482, 'panetón clásico doypack 900 g', '19.99', 'img_XX', 1),
(483, 'panetón con chispas sabor chocolate pasión sabor algarrobina caja 500 g', '16.90', 'img_XX', 1),
(484, 'panetón con chispas sabor chocolate chocolúcuma caja 500 g', '15.80', 'img_XX', 1),
(485, 'panetón mini con gotas sabor chocolate todinnito cioccolato caja 100 g', '3.99', 'img_XX', 1),
(486, 'panetón con gotas sabor chocolate cioccolato caja 500 g', '16.60', 'img_XX', 1),
(487, 'panetón clásico doypack 900 g', '23.90', 'img_XX', 1),
(488, 'panetón clásico caja 900 g', '26.50', 'img_XX', 1),
(489, 'panetón mini con gotas de chocolate caja 100 g', '4.70', 'img_XX', 1),
(490, 'panetón con gotas sabor chocolate caja 750 g', '22.70', 'img_XX', 1),
(491, 'panetón clásico gran panettone caja 1.5 kg', '28.90', 'img_XX', 1),
(492, 'panetón clásico gran panetón caja 900 kg', '21.90', 'img_XX', 1),
(493, 'panetón clásico caja 900 g', '24.10', 'img_XX', 1),
(494, 'panetón mini clásico frutas caja 100 g', '4.70', 'img_XX', 1),
(495, 'panetón integral diet caja 500 g', '27.70', 'img_XX', 1),
(496, 'pandoro clásico caja 500 g', '28.70', 'img_XX', 1),
(497, 'panetón clásico doypack 900 g', '22.90', 'img_XX', 1),
(498, 'panetón clásico lata 900 g', '32.99', 'img_XX', 1),
(499, 'panetón clásico doypack 900 g', '24.00', 'img_XX', 1),
(500, 'panetón clásico caja 900 g', '23.30', 'img_XX', 1),
(501, 'panetón integral caja 900 g', '25.70', 'img_XX', 1),
(502, 'café molido vainilla leyenda 250 g', '18.90', 'img_XX', 1),
(503, 'salvado de trigo tostado y molido cosecha del paraíso bolsa 400 g', '6.70', 'img_XX', 1),
(504, 'salvado de trigo entero cosecha del paraíso bolsa 400 g', '6.70', 'img_XX', 1),
(505, 'germen de trigo cosecha paraíso bolsa 500 g', '17.50', 'img_XX', 1),
(506, 'germen de trigo cosecha paraíso bolsa 180 g', '6.50', 'img_XX', 1),
(507, 'salvado de trigo crocante cosecha paraíso bolsa 400 g', '7.90', 'img_XX', 1),
(508, 'arroz tostado choco krispis kellogg\'s caja 310 g', '15.99', 'img_XX', 1),
(509, 'miel de abeja dulce natura floración eucalipto frasco 300 g', '15.90', 'img_XX', 1),
(510, 'pan de molde multicereal bimbo vital bolsa 600 g', '11.99', 'img_XX', 1),
(511, 'chocolate instantáneo sabor tradicional sol del cusco lata 324 g', '16.50', 'img_XX', 1),
(512, 'chocolate instantáneo sabor tradicional lata 220 g', '10.90', 'img_XX', 1),
(513, 'keke marmoleado bimbo paquete 380 g', '8.50', 'img_XX', 1),
(514, 'tableta para taza sabor canela y clavo tableta 80 g', '1.80', 'img_XX', 1),
(515, 'chocolate para taza 100% cacao tableta 100 g', '10.00', 'img_XX', 1),
(516, 'tableta para taza tableta 90 g', '1.60', 'img_XX', 1),
(517, 'azúcar blanca paramonga bolsa 1 kg', '4.79', 'img_XX', 1),
(518, 'mermelada diet arándanos sin gluten helios frasco 280 g', '19.90', 'img_XX', 1),
(519, 'miel de abeja dolce natura floración eucalipto frasco 600 g', '26.50', 'img_XX', 1),
(520, 'miel de abeja dolce natura floración silvestre frasco 600 g', '26.50', 'img_XX', 1),
(521, 'hojuelas de maíz azucaradas zucaritas kellogg\'s caja 480 g', '24.90', 'img_XX', 1),
(522, 'aros de maíz, trigo y avena froot loops kellogg\'s caja 370 g', '24.90', 'img_XX', 1),
(523, 'arroz tostado choco krispis kellogg\'s caja 550 g', '24.25', 'img_XX', 1),
(524, 'avena precocida con chía y algarrobo bolsa 360 g', '6.59', 'img_XX', 1),
(525, 'avena con quinua quaker bolsa 360 g', '7.15', 'img_XX', 1),
(526, 'endulzante en tabletas splenda libre de calorías dispenser 100 unid', '18.99', 'img_XX', 1),
(527, 'café instantáneo liofilizado vainilla y canela juan valdez frasco 95 gr', '33.90', 'img_XX', 1),
(528, 'café instantáneo liofilizado descafeinado juan valdez frasco 95 gr', '33.90', 'img_XX', 1),
(529, 'café instantáneo liofilizado chocolate juan valdez frasco 95 gr', '33.90', 'img_XX', 1),
(530, 'chocolate instantáneo sabor canela y clavo bolsa 90 g', '3.50', 'img_XX', 1),
(531, 'chocolate instantáneo sabor tradicional bolsa 90 g', '3.50', 'img_XX', 1),
(532, 'tableta para taza sabor chocolate tableta 80 g', '1.80', 'img_XX', 1),
(533, 'leche evaporada entera gloria pack de 6 unid lata 400 gr', '19.50', 'img_XX', 1),
(534, 'mantequilla gloria con sal barra 200 g', '8.49', 'img_XX', 1),
(535, 'leche concentrada sin lactosa laive botella 400 g pack 6 unid', '21.59', 'img_XX', 1),
(536, 'leche evaporada semidescremada light gloria pack de 6 unid lata 400 gr', '21.60', 'img_XX', 1),
(537, 'mezcla láctea laive 0% lactosa pack 6 unidades de 480 g c/u', '19.90', 'img_XX', 1),
(538, 'yogurt parcialmente descremado fresa gloria galonera 1.9 kg', '9.90', 'img_XX', 1),
(539, 'mantequilla laive con sal barra 200 g', '9.90', 'img_XX', 1),
(540, 'queso edam braedt en tajadas paquete 180 g', '9.60', 'img_XX', 1),
(541, 'mezcla láctea bonlé 0 lactosa tetrapack sixpack 500 g c/u', '19.80', 'img_XX', 1),
(542, 'queso fresco light metro x kg', '30.69', 'img_XX', 1),
(543, 'queso fresco metro x kg', '31.79', 'img_XX', 1),
(544, 'leche entera uht gloria tripack 1 litro c/u', '13.80', 'img_XX', 1),
(545, 'mezcla láctea ideal cremosita lata 395 g pack 6 unid', '19.39', 'img_XX', 1),
(546, 'yogurt bio laive lúcuma galonera 1.8 kg', '10.09', 'img_XX', 1),
(547, 'yogurt bio laive fresa galonera 1.8 kg', '10.09', 'img_XX', 1),
(548, 'yogurt bio laive vainilla francesa galonera 1.8 kg', '10.09', 'img_XX', 1),
(549, 'yogurt parcialmente descremado vainilla francesa gloria galonera 1.9 kg', '9.90', 'img_XX', 1),
(550, 'yogurt parcialmente descremado durazno gloria galonera 1.9 kg', '9.90', 'img_XX', 1),
(551, 'yogurt sbelt laive light fresa galonera 1.8 kg', '10.40', 'img_XX', 1),
(552, 'queso edam laive en tajadas paquete 180 g', '10.90', 'img_XX', 1),
(553, 'leche entera ideal lata 395 g pack 6 unid', '18.99', 'img_XX', 1),
(554, 'queso edam light metro x kg', '41.00', 'img_XX', 1),
(555, 'pack jamón americano suiza + queso edam laive paquete 372 g', '14.50', 'img_XX', 1),
(556, 'queso gouda braedt en tajadas paquete 180 g', '9.60', 'img_XX', 1),
(557, 'queso mozzarella braedt en tajadas paquete 180 g', '9.60', 'img_XX', 1),
(558, 'yogurt griego frutos rojos laive botella x 800 g', '9.50', 'img_XX', 1),
(559, 'bebida de almendras con stevia laive caja 1 lt', '10.99', 'img_XX', 1),
(560, 'yogurt frutado danlac fresa botella 900 g', '10.90', 'img_XX', 1),
(561, 'mantequilla gloria sin sal barra 200 g', '8.49', 'img_XX', 1),
(562, 'yogurt bio laive guanábana galonera 1.8 kg', '10.09', 'img_XX', 1),
(563, 'yogurt bio laive durazno galonera 1.8 kg', '10.09', 'img_XX', 1),
(564, 'yogurt bio laive vainilla francesa botella 1 kg', '6.79', 'img_XX', 1),
(565, 'yogurt descremado edulcorado vainilla slim gloria galonera 1.9 kg', '10.20', 'img_XX', 1),
(566, 'yogurt descremado edulcorado fresa slim gloria galonera 1.9 kg', '10.20', 'img_XX', 1),
(567, 'yogurt sbelt laive light guanábana galonera 1.8 kg', '10.40', 'img_XX', 1),
(568, 'yogurt sbelt laive light vainilla francesa galonera 1.8 kg', '10.40', 'img_XX', 1),
(569, 'yogurt sbelt laive mora botella 1 kg', '6.79', 'img_XX', 1),
(570, 'yogurt 0% lactosa laive vainilla botella 1 kg', '7.40', 'img_XX', 1),
(571, 'yogurt sbelt laive durazno galonera 1.8 kg', '10.40', 'img_XX', 1),
(572, 'mantequilla laive con sal pote 200 g', '10.50', 'img_XX', 1),
(573, 'mantequilla laive light pote 200 g', '10.50', 'img_XX', 1),
(574, 'margarina manty pote 300 g', '6.40', 'img_XX', 1),
(575, 'margarina dorina clásica pote 450 g', '9.20', 'img_XX', 1),
(576, 'queso philadelphia kraft original caja 180 g', '10.20', 'img_XX', 1),
(577, 'queso fresco laive x kg', '31.80', 'img_XX', 1),
(578, 'bebida láctea sabor chocolate bonlé bolsa 800 ml', '2.20', 'img_XX', 1),
(579, 'queso edam sandwich laive paquete 440 g', '21.90', 'img_XX', 1),
(580, 'yogurt bio laive mango botella 1 kg', '6.79', 'img_XX', 1),
(581, 'yogurt griego mango/maracuyá laive x 800 g', '9.50', 'img_XX', 1),
(582, 'mezcla lactea light bonlé tetrapack sixpack 500 g c/u', '19.80', 'img_XX', 1),
(583, 'queso edam metro x kg', '41.90', 'img_XX', 1),
(584, 'mezcla láctea ideal light lata 395 g pack 6 unid', '17.00', 'img_XX', 1),
(585, 'yogurt acti bio gloria fresa con linaza galonera 1.9 kg', '12.60', 'img_XX', 1),
(586, 'yogurt frutado danlac aguaymanto botella 900 g', '10.90', 'img_XX', 1),
(587, 'yogurt danlac natural botella 900 g', '10.90', 'img_XX', 1),
(588, 'leche uht gloria niños tripack 1 litro c/u', '15.20', 'img_XX', 1),
(589, 'leche uht descremada slim 0% grasas tripack 1 litro c/u', '15.20', 'img_XX', 1),
(590, 'leche evaporada descremada gloria pack de 6 unid lata 400 gr', '24.50', 'img_XX', 1),
(591, 'yogurt bio laive fresa botella 1 kg', '6.79', 'img_XX', 1),
(592, 'yogurt yopi mix laive vainilla francesa c/bolitas de chocolate vaso 100 g', '2.50', 'img_XX', 1),
(593, 'yogurt sbelt laive fresa botella 1 kg', '6.79', 'img_XX', 1),
(594, 'yogurt sbelt laive ciruela-linaza botella 1 kg', '6.79', 'img_XX', 1),
(595, 'yogurt sbelt laive granadilla botella 1 kg', '6.79', 'img_XX', 1),
(596, 'yogurt griego laive natural 0% grasa pote 500 g', '7.99', 'img_XX', 1),
(597, 'yogurt 0% lactosa laive fresa botella 1 kg', '7.40', 'img_XX', 1),
(598, 'mantequilla plusa con sal barra 200 g', '14.90', 'img_XX', 1),
(599, 'margarina dorina light pote 450 g', '9.20', 'img_XX', 1),
(600, 'margarina dorina clásica pote 225 g', '5.00', 'img_XX', 1),
(601, 'queso crema untadeli natural pote 140 g', '6.99', 'img_XX', 1),
(602, 'queso tipo suizo cajamarca el prado molde cuadrado', '39.60', 'img_XX', 1),
(603, 'queso edam bonlé en tajadas paquete 185 g', '8.90', 'img_XX', 1),
(604, 'queso fresco bonlé x kg /molde 400 g aprox', '29.00', 'img_XX', 1),
(605, 'queso fresco light sbelt laive x kg', '32.89', 'img_XX', 1),
(606, 'yogurt bebible sabor fresa botella 1.9 kg', '9.10', 'img_XX', 1),
(607, 'mezcla láctea fortificada campo nuestro lata 395 g pack 6 unid', '14.40', 'img_XX', 1),
(608, 'yogurt griego tigo con arándano y chía balde 1 kg', '15.99', 'img_XX', 1),
(609, 'queso edam delice laminado paquete 180 g', '9.70', 'img_XX', 1),
(610, 'yogurt frutado danlac line fresa botella 900 g', '11.45', 'img_XX', 1),
(611, 'bebida de coco con stevia laive caja 1 lt', '10.99', 'img_XX', 1),
(612, 'yogurt frutado danlac aguaymanto frasco 160 g', '5.20', 'img_XX', 1),
(613, 'yogurt frutado danlac frutos del bosque frasco 160 g', '5.20', 'img_XX', 1),
(614, 'yogurt frutado danlac frutos del bosque botella 900 g', '10.90', 'img_XX', 1),
(615, 'mezcla láctea ideal amanecer lata 395 g pack 6 unid', '15.79', 'img_XX', 1),
(616, 'mezcla láctea en polvo anchor lata 800 g', '29.99', 'img_XX', 1),
(617, 'yogurt bio laive mora botella 1 kg', '6.79', 'img_XX', 1),
(618, 'yogurt bio laive natural botella 1 kg', '6.79', 'img_XX', 1),
(619, 'yogurt yopi mix laive vainilla francesa con hojuelas azucaradas vaso 100 g', '2.50', 'img_XX', 1),
(620, 'yogurt sbelt laive guanábana botella 1 kg', '6.79', 'img_XX', 1),
(621, 'yogurt sbelt laive natural botella 1 kg', '6.79', 'img_XX', 1),
(622, 'yogurt sbelt laive vainilla francesa botella 1 kg', '6.79', 'img_XX', 1),
(623, 'yogurt sbelt laive durazno botella 1 kg', '6.79', 'img_XX', 1),
(624, 'yogurt sbelt laive lúcuma botella 1 kg', '6.79', 'img_XX', 1),
(625, 'margarina dorina light pote 225 g', '5.00', 'img_XX', 1),
(626, 'yogurt bebible sabor durazno botella 1.9 kg', '9.10', 'img_XX', 1),
(627, 'queso edam delice laminado paquete 500 g', '22.90', 'img_XX', 1),
(628, 'queso cabaña delice pote 227 g', '11.20', 'img_XX', 1),
(629, 'yogurt griego danlac natural frasco 420 g', '13.00', 'img_XX', 1),
(630, 'yogurt griego danlac natural frasco 160 g', '5.19', 'img_XX', 1),
(631, 'yogurt premium tigo light fresa vaso 160 g', '4.70', 'img_XX', 1),
(632, 'yogurt bio laive lúcuma botella 1 kg', '6.79', 'img_XX', 1),
(633, 'yogurt bio laive guanábana botella 1 kg', '6.79', 'img_XX', 1),
(634, 'yogurt estílo griego tigo con miel de abeja vaso 160 g', '5.40', 'img_XX', 1),
(635, 'yogurt biodefensa laive light fresa-frambuesa pack 4 unid x 100 ml', '4.90', 'img_XX', 1),
(636, 'yogurt biodefensa laive light vainilla pack 4 unid x 100 ml', '4.90', 'img_XX', 1),
(637, 'yogurt biodefensa laive kids tutti frutti pack 4 unid x 100 ml', '4.90', 'img_XX', 1),
(638, 'yogurt biodefensa laive kids uva mora pack 4 unid x 100 ml', '4.90', 'img_XX', 1),
(639, 'yogurt griego laive fresa 0% grasa pote 500 g', '7.99', 'img_XX', 1),
(640, 'yogurt bebible sabor durazno botella 950 g', '5.40', 'img_XX', 1),
(641, 'yogurt bebible sabor fresa botella 950 g', '5.40', 'img_XX', 1),
(642, 'yogurt bebible sabor vainilla botella 1.9 kg', '9.10', 'img_XX', 1),
(643, 'yogurt griego descremado danlac natural frasco 420 g', '12.30', 'img_XX', 1),
(644, 'queso fresco delice x kg / molde 350 g aprox.', '30.50', 'img_XX', 1),
(645, 'queso madurado reggianito tipo parmesano delice x kg / cuña 250 g aprox.', '73.90', 'img_XX', 1),
(646, 'mezcla láctea uht bonlé bolsa 800 ml', '3.29', 'img_XX', 1),
(647, 'queso parmesano rallado serenísima bolsa 40 g', '5.50', 'img_XX', 1),
(648, 'queso crema gourmet delice italiano molde 150 g', '17.70', 'img_XX', 1),
(649, 'queso crema gourmet delice novandino con sauco molde 150 g', '17.70', 'img_XX', 1),
(650, 'queso crema gourmet delice con pecanas molde 150 g', '17.70', 'img_XX', 1),
(651, 'queso crema gourmet delice con espinaca & tocino molde 150 g', '17.70', 'img_XX', 1),
(652, 'queso crema novandino delice con aguaymanto molde 150 g', '17.70', 'img_XX', 1),
(653, 'queso crema gourmet delice con prosciutto & poro molde 150 g', '17.70', 'img_XX', 1),
(654, 'queso crema gourmet delice con cabanossi & chimichurri molde 150 g', '17.70', 'img_XX', 1),
(655, 'queso crema gourmet delice mediterráneo molde 150 g', '17.70', 'img_XX', 1),
(656, 'queso crema gourmet delice de los andes molde 150 g', '17.70', 'img_XX', 1),
(657, 'queso crema gourmet delice hindú cury pecanas & chutney molde 150 g', '17.70', 'img_XX', 1),
(658, 'mezcla láctea en polvo anchor lata 345 g', '14.30', 'img_XX', 1),
(659, 'yogurt griego premium tigo natural sin azúcar vaso 200 g', '5.20', 'img_XX', 1),
(660, 'queso tipo mozzarella oquendo molde 250 g', '10.29', 'img_XX', 1),
(661, 'queso danbo bolsa 1 kg', '43.00', 'img_XX', 1),
(662, 'queso gouda metro x kg', '45.00', 'img_XX', 1),
(663, 'yogurt frutado danlac fresa frasco 160 g', '5.20', 'img_XX', 1),
(664, 'dip marino delice salmón y alcaparras pote 140 g', '11.90', 'img_XX', 1),
(665, 'dip parrillero delice cabanozzi y chimichurri pote 140 g', '11.90', 'img_XX', 1),
(666, 'dip vegetariano delice champiñones, berenjena y tomate seco pote 140 g', '11.90', 'img_XX', 1),
(667, 'queso crema delice natural pote 455 g', '19.80', 'img_XX', 1),
(668, 'yogurt mix tigo vainilla con grageas de chocolate confitado vaso 125 g', '3.70', 'img_XX', 1),
(669, 'yogurt premiun tigo light durazno vaso 160 g', '4.70', 'img_XX', 1),
(670, 'yogurt premium tigo light natural vaso 160 g', '4.70', 'img_XX', 1),
(671, 'yogurt premium tigo natural vaso 160 g', '4.70', 'img_XX', 1),
(672, 'yogurt premium tigo fresa vaso 160 g', '4.70', 'img_XX', 1),
(673, 'yogurt bio laive durazno botella 1kg', '6.79', 'img_XX', 1),
(674, 'yogurt estílo griego tigo con sipore de chancaca vaso 160 g', '5.40', 'img_XX', 1),
(675, 'yogurt griego premium tigo natural sin azúcar vaso 400 g', '8.60', 'img_XX', 1),
(676, 'yogurt estílo griego tigo con crema de algarrobina vaso 160 g', '5.40', 'img_XX', 1),
(677, 'yogurt natural con albaricoque, duraznos y granol vaso 155 g', '5.40', 'img_XX', 1),
(678, 'yogurt mix tigo vainilla c/cereal azucarado vaso 125 g', '3.60', 'img_XX', 1),
(679, 'yogurt mix tigo vainilla c/bolitas de chocolate vaso 125 g', '3.50', 'img_XX', 1),
(680, 'yogurt biodefensa laive vainilla francesa pack 4 unid x 100 ml', '4.90', 'img_XX', 1),
(681, 'yogurt biodefensa laive fresa pack 4 unid x 100 ml', '4.90', 'img_XX', 1),
(682, 'queso crema untadeli aceituna pote 140 g', '6.99', 'img_XX', 1),
(683, 'queso crema untadeli jamón ahumado pote 140 g', '6.99', 'img_XX', 1),
(684, 'queso crema delice natural light pote 227 g - queso crema natural delice light pote 227 g - queso crema natural delice light pote 227 g', '12.20', 'img_XX', 1),
(685, 'queso duro grana padano agriform x kg', '104.00', 'img_XX', 1),
(686, 'queso crema delice natural pote 125 g - queso crema natural delice pote 125 g - queso crema natural delice pote 125 g - queso crema natural delice pot', '6.90', 'img_XX', 1),
(687, 'queso crema delice natural pote 227 g', '12.20', 'img_XX', 1),
(688, 'cream cheese laive original caja 227 g', '10.40', 'img_XX', 1),
(689, 'pack hot dog suiza paquete 440 g + 200 g', '14.90', 'img_XX', 1),
(690, 'jamón pizzero braedt paquete 480 g', '11.90', 'img_XX', 1),
(691, 'jamón de pavita braedt balance paquete 200 g', '10.40', 'img_XX', 1),
(692, 'pack jamón pizzero + queso edam braedt paquete 370 g', '13.50', 'img_XX', 1),
(693, 'aceituna negra deshuesada cuisine & co pote 260 gr', '8.90', 'img_XX', 1),
(694, 'jamón pizzero metro paquete 500 g', '9.90', 'img_XX', 1),
(695, 'salchicha de pollo san fernando paquete 200 g', '2.99', 'img_XX', 1),
(696, 'jamonada especial suiza paquete 200 g', '5.20', 'img_XX', 1),
(697, 'salchicha de huacho casa europa 150 g', '6.90', 'img_XX', 1),
(698, 'jamonada especial metro paquete 100 g', '1.99', 'img_XX', 1),
(699, 'pack salchicha vienesa especial otto kunz 750 g', '17.20', 'img_XX', 1),
(700, 'salchicha de huacho braedt x 150 g', '5.90', 'img_XX', 1),
(701, 'chorizo parrillero crudo casa europa paquete 500 g', '18.90', 'img_XX', 1),
(702, 'jamón de pavita suiza paquete 180 g', '8.80', 'img_XX', 1),
(703, 'aceituna negra entera extra cuisine & co pote 280 gr', '8.90', 'img_XX', 1),
(704, 'chorizo parrillero zimmermann paquete 500 g', '19.90', 'img_XX', 1),
(705, 'jamón inglés casa europa paquete 200 g', '15.50', 'img_XX', 1),
(706, 'salchicha vienesa ahumada casa europa paquete 250 g', '8.50', 'img_XX', 1),
(707, 'aceituna botija sin hueso huerto mejía pote 400 gr', '8.69', 'img_XX', 1),
(708, 'salchicha de huacho suiza paquete 200 g', '6.99', 'img_XX', 1),
(709, 'chicharrón de prensa casa europa paquete 200 g', '8.30', 'img_XX', 1),
(710, 'jamonada polaca casa europa paquete 200 g', '8.50', 'img_XX', 1),
(711, 'hot dog de pollo suiza paquete 400 g', '9.80', 'img_XX', 1),
(712, 'hot dog de pollo suiza paquete 200 g', '4.60', 'img_XX', 1),
(713, 'jamón americano suiza paquete 500 g', '11.90', 'img_XX', 1);
INSERT INTO `product` (`product_id`, `product_name`, `product_price`, `product_image`, `est_id`) VALUES
(714, 'pack hot dog la segoviana paquete 500 g + 250 g', '15.40', 'img_XX', 1),
(715, 'tocino especial de lomo metro x kg', '49.00', 'img_XX', 1),
(716, 'chorizo precocido la segoviana paquete 500 g', '17.00', 'img_XX', 1),
(717, 'chorizo parrillero precocido braedt paquete 6 unid', '17.99', 'img_XX', 1),
(718, 'jamón pechuga de pavita san fernando paquete 200 g', '12.39', 'img_XX', 1),
(719, 'hot dog de pollo ahumado san fernando paquete 165 g', '4.40', 'img_XX', 1),
(720, 'jamón artesano paquete 200 g', '17.70', 'img_XX', 1),
(721, 'salchicha de huacho zimmermann paquete 300 g', '9.50', 'img_XX', 1),
(722, 'hot dog zimmermann paquete 250 g', '8.79', 'img_XX', 1),
(723, 'jamón inglés zimmermann paquete 200 g', '15.50', 'img_XX', 1),
(724, 'aceituna negra entera cocktail cuisine & co pote', '6.90', 'img_XX', 1),
(725, 'pack jamón americano + queso edam la segoviana paquete 360 g', '13.40', 'img_XX', 1),
(726, 'chicharrón de prensa suiza paquete 180 g', '7.50', 'img_XX', 1),
(727, 'jamón pizza metro paquete 180 g', '3.90', 'img_XX', 1),
(728, 'salchicha vienesa ahumada casa europa paquete 500 g', '16.50', 'img_XX', 1),
(729, 'jamón americano la segoviana paquete 500 g', '12.20', 'img_XX', 1),
(730, 'salchicha vienesa casa europa paquete 250 g', '8.50', 'img_XX', 1),
(731, 'salchicha frankfurter otto kunz paquete 280 g', '17.50', 'img_XX', 1),
(732, 'chorizo italiano precocido cóctel la segoviana paquete 300 g', '12.99', 'img_XX', 1),
(733, 'jamonada de pollo metro paquete 100 g', '1.59', 'img_XX', 1),
(734, 'jamonada con pollo suiza paquete 200 g', '4.70', 'img_XX', 1),
(735, 'pepperoni casa europa paquete 150 g', '19.90', 'img_XX', 1),
(736, 'pack parrillero casa europa paquete 450 g', '23.00', 'img_XX', 1),
(737, 'jamón de pavo braedt paquete 200 g', '12.30', 'img_XX', 1),
(738, 'salchicha de huacho la segoviana 250 g', '6.30', 'img_XX', 1),
(739, 'jamonada de pollo la segoviana paquete 200 g', '4.40', 'img_XX', 1),
(740, 'jamón inglés braedt balance paquete 200 g', '13.20', 'img_XX', 1),
(741, 'hot dog de pavo braedt balance paquete 500 g', '17.80', 'img_XX', 1),
(742, 'chorizo parrillero fresco braedt paquete 500 g', '16.50', 'img_XX', 1),
(743, 'tocino ahumado suiza paquete 200 g', '17.90', 'img_XX', 1),
(744, 'salchicha de pollo san fernando paquete 250 g', '3.90', 'img_XX', 1),
(745, 'jamón de pechuga de pavo zimmermann paquete 150 g', '15.50', 'img_XX', 1),
(746, 'aceituna verde rellena con rocoto cuisine & co pote 280 gr', '8.90', 'img_XX', 1),
(747, 'relleno la segoviana paquete 500 g', '15.20', 'img_XX', 1),
(748, 'aceituna botija extra huerto mejía pote 400 gr', '8.69', 'img_XX', 1),
(749, 'frankfurter municipal casa europa paquete 460 g', '22.90', 'img_XX', 1),
(750, 'hot dog la segoviana paquete 10 unid', '11.40', 'img_XX', 1),
(751, 'pack hot dog de cerdo metro ( 500 g + 250 g )', '11.49', 'img_XX', 1),
(752, 'jamón pizzero casa europa paquete 200 g', '7.60', 'img_XX', 1),
(753, 'salame húngaro casa europa paquete 150 g', '21.50', 'img_XX', 1),
(754, 'jamón california edición especial paquete 150 g', '10.50', 'img_XX', 1),
(755, 'mix chorizos cocktail colección parrilla paquete 370 g', '18.20', 'img_XX', 1),
(756, 'jamón glasé a la miel colección clásica paquete 200 g', '15.40', 'img_XX', 1),
(757, 'chorizo cocktail sabor maple colección piqueos paquete 220 g', '11.90', 'img_XX', 1),
(758, 'hot dog de pollo la segoviana paquete 500 g', '8.20', 'img_XX', 1),
(759, 'frankfurter coctail casa europa paquete 250 g', '13.90', 'img_XX', 1),
(760, 'frankfurter casa europa paquete 240 g', '13.90', 'img_XX', 1),
(761, 'jamón crocante casa europa paquete 200 g', '16.70', 'img_XX', 1),
(762, 'chorizo ahumado precocido casa europa paquete 300 g', '17.50', 'img_XX', 1),
(763, 'chorizo precocido picante casa europa paquete 500 g', '25.50', 'img_XX', 1),
(764, 'frankfurter municipal zimmermann paquete 470 g', '19.70', 'img_XX', 1),
(765, 'lomo ahumado zimmermann paquete 150 g', '13.20', 'img_XX', 1),
(766, 'jamón ahumado la segoviana paquete 500 g', '17.40', 'img_XX', 1),
(767, 'jamón americano la segoviana paquete 180 g', '5.99', 'img_XX', 1),
(768, 'aceituna verde rellena con pimiento cuisine & co pote 280 gr', '8.90', 'img_XX', 1),
(769, 'aceituna verde en rodajas cuisine & co pote 260 gr', '6.90', 'img_XX', 1),
(770, 'jamón de pechuga de pavo casa europa paquete 200 g', '18.70', 'img_XX', 1),
(771, 'chorizo precocido brasa braedt paquete 400 g', '17.99', 'img_XX', 1),
(772, 'chorizo a las finas hierbas otto kunz paquete 400 g', '21.60', 'img_XX', 1),
(773, 'tocino ahumado cortado metro x kg', '59.00', 'img_XX', 1),
(774, 'salchicha vienesa casa europa paquete 500 g', '15.90', 'img_XX', 1),
(775, 'aceituna verde con castaña huerto mejía pote 400 gr', '8.69', 'img_XX', 1),
(776, 'aceituna verde ascolana huerto mejía pote 400 gr', '8.69', 'img_XX', 1),
(777, 'salchicha blanca casa europa paquete 250 g', '11.99', 'img_XX', 1),
(778, 'jamón con pavita casa europa paquete 200 g', '10.90', 'img_XX', 1),
(779, 'tocino ahumado la segoviana paquete 100 g', '7.40', 'img_XX', 1),
(780, 'hot dog la segoviana paquete 5 unid', '5.60', 'img_XX', 1),
(781, 'chorizo especial precocido metro paquete 500 g', '14.49', 'img_XX', 1),
(782, 'chorizo precocido suiza paquete 5 unid', '16.80', 'img_XX', 1),
(783, 'chorizo tipo argentino otto kunz paquete 300 g', '16.80', 'img_XX', 1),
(784, 'hot dog salchipapero naranja la segoviana paquete 920 g', '11.90', 'img_XX', 1),
(785, 'chorizo campestre precocido otto kunz paquete 400 g', '21.70', 'img_XX', 1),
(786, 'aceituna verde sin hueso huerto mejia pote 400 g', '8.69', 'img_XX', 1),
(787, 'chorizo finas hierbas suiza paquete 400 g', '16.90', 'img_XX', 1),
(788, 'choribrasa cocktail casa europa paquete 250 g', '13.90', 'img_XX', 1),
(789, 'morcilla cocktail casa europa paquete 250 g', '12.90', 'img_XX', 1),
(790, 'chorizo curado español casa europa paquete 150 g', '17.90', 'img_XX', 1),
(791, 'jamón inglés artesanal braedt paquete 200 g', '17.60', 'img_XX', 1),
(792, 'jamón de pechuga de pavo ahumado braedt paquete 200 g', '19.50', 'img_XX', 1),
(793, 'hot dog de cerdo metro paquete 500 g', '8.49', 'img_XX', 1),
(794, 'prosciutto casa europa paquete 100 g', '22.50', 'img_XX', 1),
(795, 'salchichón cervecero casa europa paquete 390 g', '21.60', 'img_XX', 1),
(796, 'chorizo parrillero fresco suiza paquete 400 g', '16.80', 'img_XX', 1),
(797, 'hot dog de cerdo metro paquete 250 g', '4.90', 'img_XX', 1),
(798, 'relleno metro x kg', '26.70', 'img_XX', 1),
(799, 'jamonada de pollo suiza paquete 100 g', '3.20', 'img_XX', 1),
(800, 'paté a las finas hierbas casa europa x 150 g', '8.80', 'img_XX', 1),
(801, 'prosciutto de lomo casa europa paquete 100 g', '19.90', 'img_XX', 1),
(802, 'jamón americano suiza x kg', '24.50', 'img_XX', 1),
(803, 'chorizo precocido san fernando paquete 500 g', '15.20', 'img_XX', 1),
(804, 'galletas san jorge soda pack 7 unidades', '3.10', 'img_XX', 1),
(805, 'spaguetti don vittorio paquete 1 kg', '4.89', 'img_XX', 1),
(806, 'arroz extra costeño bolsa 5 kg', '22.29', 'img_XX', 1),
(807, 'aceite vegetal primor premium botella 1 l', '13.59', 'img_XX', 1),
(808, 'aceite vegetal nicolini botella 1 litro', '10.10', 'img_XX', 1),
(809, 'lenteja bebé cuisine & co bolsa 500 gr', '4.89', 'img_XX', 1),
(810, 'fideo spaghetti nicolini paquete 1 kg', '3.65', 'img_XX', 1),
(811, 'trozos de atún primor lata 170 g', '5.79', 'img_XX', 1),
(812, 'filete de atún florida en aceite vegetal lata 170 g', '6.29', 'img_XX', 1),
(813, 'aceite vegetal primor corazón botella 1 l', '14.19', 'img_XX', 1),
(814, 'aceite vegetal primor clásico botella 1 l', '13.29', 'img_XX', 1),
(815, 'filete de atún en agua florida lata 150 g', '6.29', 'img_XX', 1),
(816, 'pallar cuisine & co bolsa 500 gr', '6.99', 'img_XX', 1),
(817, 'quinua cuisine & co bolsa 500 gr', '8.99', 'img_XX', 1),
(818, 'arveja cuisine & co bolsa 500 gr', '3.60', 'img_XX', 1),
(819, 'filete de atun en aceite girasol y sal florida lata 170 g', '6.29', 'img_XX', 1),
(820, 'fideo fettuccini don vittorio paquete 1 kg', '4.89', 'img_XX', 1),
(821, 'fideo tallarin nicolini paquete 1 kg', '3.65', 'img_XX', 1),
(822, 'arroz superior metro bolsa 5 kg', '14.90', 'img_XX', 1),
(823, 'arroz extra paisana bolsa 5 kg', '19.70', 'img_XX', 1),
(824, 'harina preparada blanca flor bolsa 1 kg', '8.50', 'img_XX', 1),
(825, 'linguini grosso don vittorio paquete 1 kg', '4.89', 'img_XX', 1),
(826, 'mayonesa alacena doypack 475 g', '10.20', 'img_XX', 1),
(827, 'mayonesa alacena doypack 950 g', '15.80', 'img_XX', 1),
(828, 'galletas morochas paquete 30 g pack 6 unid', '4.60', 'img_XX', 1),
(829, 'arroz superior costeño bolsa 5 kg', '19.69', 'img_XX', 1),
(830, 'aceite vegetal primor corazón botella 1 l', '14.19', 'img_XX', 1),
(831, 'cocktail de frutos secos premium villa natura bolsa 150 g', '10.90', 'img_XX', 1),
(832, 'trozos de atún en aceite vegetal cuisine & co lata 170 g', '4.90', 'img_XX', 1),
(833, 'pasas morenas cuisine&co bolsa 180 g', '4.69', 'img_XX', 1),
(834, 'pecanas peladas frutos y snacks seleccionados cuisine & co bolsa 100 gr', '12.90', 'img_XX', 1),
(835, 'ketchup cuisine & co doypack con tapón 380 g', '4.95', 'img_XX', 1),
(836, 'aceite de oliva extra virgen cuisine & co botella 500 ml', '19.99', 'img_XX', 1),
(837, 'combo papas lays clásicas bolsa 160 gr + piqueo snax original bolsa 200 gr', '14.50', 'img_XX', 1),
(838, 'frijol panamito cuisine & co bolsa 500 gr', '4.90', 'img_XX', 1),
(839, 'maíz pop corn cuisine & co bolsa 500 gr', '3.40', 'img_XX', 1),
(840, 'lenteja cuisine & co bolsa 500 gr', '4.89', 'img_XX', 1),
(841, 'frijol canario cuisine & co bolsa 500 gr', '7.10', 'img_XX', 1),
(842, 'arroz integral metro bolsa 5 kg', '18.90', 'img_XX', 1),
(843, 'arveja verde valle norte bolsa 500 g', '4.29', 'img_XX', 1),
(844, 'lenteja valle norte bolsa 500 g', '5.79', 'img_XX', 1),
(845, 'frijol canario valle norte bolsa 500 g', '7.99', 'img_XX', 1),
(846, 'papas pringles original lata 124 g', '9.80', 'img_XX', 1),
(847, 'crema huancaína alacena doypack 400 g', '9.80', 'img_XX', 1),
(848, 'sal rosada de maras fina doypack 500 g', '8.90', 'img_XX', 1),
(849, 'crema de rocoto uchucuta alacena doypack 400 g', '10.29', 'img_XX', 1),
(850, 'mayonesa light alacena doypack 500 g', '9.50', 'img_XX', 1),
(851, 'crema de ají tarí alacena doypack 400 g', '10.70', 'img_XX', 1),
(852, 'puré de papa knorr sobre 125 g', '3.99', 'img_XX', 1),
(853, 'galleta de chocolate rellenas con crema oreo paquete 36 g pack 6 unid', '3.90', 'img_XX', 1),
(854, 'galletas saladas club social paquete 6 und', '3.50', 'img_XX', 1),
(855, 'galletas con chispas de chocolate chips ahoy paquete 6 und', '5.80', 'img_XX', 1),
(856, 'wafer cua cua field paquete 18 g pack 9 unid', '4.80', 'img_XX', 1),
(857, 'garbanzos bolsa 500 g', '6.49', 'img_XX', 1),
(858, 'garbanzos clic bolsa 454 g', '4.69', 'img_XX', 1),
(859, 'canchita con chifles cuisine & co pote 180 g', '6.60', 'img_XX', 1),
(860, 'canchita serrana cuisine & co pote 180 g', '6.60', 'img_XX', 1),
(861, 'guindón sin pepa frutos y snacks seleccionados cuisine & co bolsa 180 gr', '9.70', 'img_XX', 1),
(862, 'mayonesa cuisine & co doypack 950 g', '12.49', 'img_XX', 1),
(863, 'arroz extra añejo cuisine&co bolsa 5 kg', '19.90', 'img_XX', 1),
(864, 'frijol red kidney cuisine & co bolsa 500 gr', '5.35', 'img_XX', 1),
(865, 'harina blanca flor sin preparar bolsa 1 kg', '6.60', 'img_XX', 1),
(866, 'aceite primor defensas botella 1 litro', '13.99', 'img_XX', 1),
(867, 'papas pringles queso lata 124 g', '9.80', 'img_XX', 1),
(868, 'filete atún en aceite de girasol real tripack de 80 g c/u', '12.70', 'img_XX', 1),
(869, 'crema de leche nestlé lata 300 g', '8.99', 'img_XX', 1),
(870, 'trozos de atun florida en aceite vegetal lata 170 g', '5.99', 'img_XX', 1),
(871, 'mayonesa light alacena doypack 500 g', '9.50', 'img_XX', 1),
(872, 'galletas de chocolate rellenas con crema oreo cookies and cream paquete 36 g pack 6 unid', '3.90', 'img_XX', 1),
(873, 'beso de moza clásico nestlé caja 9 unid', '9.99', 'img_XX', 1),
(874, 'aceite vegetal ideal botella 1 l', '12.29', 'img_XX', 1),
(875, 'aceite de oliva el olivar extra virgen botella 500 ml', '25.90', 'img_XX', 1),
(876, 'papas al hilo doypack 142 g', '5.20', 'img_XX', 1),
(877, 'sirope sabor maple cuisine & co frasco 480 g', '8.59', 'img_XX', 1),
(878, 'mostaza b&d frasco 425 g + kétchup b&d frasco 425 g', '9.70', 'img_XX', 1),
(879, 'algarrobina cuisine & co frasco 480 g', '12.90', 'img_XX', 1),
(880, 'boliquesos horneados cheetos bolsa 130 g', '5.00', 'img_XX', 1),
(881, 'chifles norteños cuisine & co pote 100 g', '5.10', 'img_XX', 1),
(882, 'cocktail de frutos secos premium villa natura bolsa 250 g', '17.90', 'img_XX', 1),
(883, 'mix de frutos secos con berries berry mix clásico villa natura bolsa 150 g', '8.90', 'img_XX', 1),
(884, 'almendras deshidratadas villa natura bolsa 80 g', '8.90', 'img_XX', 1),
(885, 'salsa verde peruana casa verde', '9.90', 'img_XX', 1),
(886, 'nueces y frutos seleccionados cuisine & co bolsa 180 gr', '9.00', 'img_XX', 1),
(887, 'pasas rubias frutos y snacks seleccionados cuisine & co bolsa 180 gr', '10.90', 'img_XX', 1),
(888, 'nueces peladas cuisine & co bolsa 100 gr', '9.90', 'img_XX', 1),
(889, 'guindón mediano frutos y snacks seleccionados cuisine & co bolsa 180 gr', '4.99', 'img_XX', 1),
(890, 'almendras naturales frutos y snacks seleccionados cuisine & co bolsa 100 gr', '7.80', 'img_XX', 1),
(891, 'crema de ají cuisine & co doypack 380 g', '7.60', 'img_XX', 1),
(892, 'papas lays clásicas bolsa 160 g + tortillas de maíz queso atrevido doritos bolsa 210 g', '15.40', 'img_XX', 1),
(893, 'pasas morenas villa natura pote 250 g', '7.20', 'img_XX', 1),
(894, 'vinagre de manzana olivos del sur botella 500 ml', '8.99', 'img_XX', 1),
(895, 'salsa roja peruana casa verde', '6.99', 'img_XX', 1),
(896, 'chifles corte delgado cuisine & co bolsa 200 gr', '6.60', 'img_XX', 1),
(897, 'maíz pop corn valle norte bolsa 500 g', '5.29', 'img_XX', 1),
(898, 'galletas de arroz dulce sin gluten costeño doypack 150 g', '6.79', 'img_XX', 1),
(899, 'galletas de arroz clásicas sin gluten costeño doypack 150 g', '6.79', 'img_XX', 1),
(900, 'papas pringles crema y cebolla lata 124 g', '9.80', 'img_XX', 1),
(901, 'arroz extra impacto bolsa 5 kg', '18.99', 'img_XX', 1),
(902, 'aceite cocinero botella 1 litro', '12.59', 'img_XX', 1),
(903, 'chifles norteños milys bolsa 250 g', '8.90', 'img_XX', 1),
(904, 'chocolate de leche salut mauxion tableta 100 g', '5.90', 'img_XX', 1),
(905, 'ketchup heinz frasco 20 onzas', '14.80', 'img_XX', 1),
(906, 'galletas de chocolate rellenas con crema oreo chocolate paquete 36 g pack 6 unid', '3.90', 'img_XX', 1),
(907, 'galletas saladas sabor a mantequilla club social sabores paquete 6 und', '3.50', 'img_XX', 1),
(908, 'chocolate relleno con toffe helena peccanroll caja 100 g', '15.50', 'img_XX', 1),
(909, 'bombones de chocolate con leche con maní sublime caja 20 unid', '12.99', 'img_XX', 1),
(910, 'chocolate relleno con crema de maní princesa barra 30 g caja 10 unid', '14.90', 'img_XX', 1),
(911, 'chocolate con leche con maní sublime sonrisa tableta 40 g caja 8 unid', '13.50', 'img_XX', 1),
(912, 'canchita andina cuisine & co pote 180 g', '5.30', 'img_XX', 1),
(913, 'camote frito en hojuelas cuisine & co pote 100 g', '5.10', 'img_XX', 1),
(914, 'cocktail de nueces villa natura bolsa 250 g', '13.90', 'img_XX', 1),
(915, 'sticks de quinua y sal de maras mamalama bolsa 80 g', '9.90', 'img_XX', 1),
(916, 'castañas frutos y snacks seleccionados cuisine & co bolsa 100 gr', '8.30', 'img_XX', 1),
(917, 'galletas surtidas feliz navidad colombina bolsa 150 g', '3.70', 'img_XX', 1),
(918, 'mostaza cuisine & co doypack 200 g', '2.90', 'img_XX', 1),
(919, 'mayonesa light cuisine & co doypack 475 g', '7.90', 'img_XX', 1),
(920, 'galletas danesas momento festivo lata 454 g', '17.90', 'img_XX', 1),
(921, 'chocolate bitter 70% cacao d\'onofrio reserva tableta 80 g', '18.00', 'img_XX', 1),
(922, 'guindones sin pepa villa natura pote 250 g', '12.40', 'img_XX', 1),
(923, 'mix peruano de snacks cuisine & co bolsa 175 gr', '6.60', 'img_XX', 1),
(924, 'mix tropical de snacks cuisine & co bolsa 175 gr', '6.60', 'img_XX', 1),
(925, 'papas fritas onduladas saladas cuisine & co bolsa 150 gr', '5.80', 'img_XX', 1),
(926, 'papas fritas tradicionales cuisine & co bolsa 180 gr', '6.60', 'img_XX', 1),
(927, 'camote frito cuisine & co bolsa 130 gr', '5.80', 'img_XX', 1),
(928, 'bombones ferrero rocher contenido 12 unidades', '51.80', 'img_XX', 1),
(929, 'duraznos en almíbar cuisine & co lata 820 gr', '9.30', 'img_XX', 1),
(930, 'aceite de oliva extra virgen huerto alamein frasco 500 ml', '23.90', 'img_XX', 1),
(931, 'cocktail de frutas aconcagua en almíbar lata 822 g', '11.49', 'img_XX', 1),
(932, 'marshmellows tropical bolsa 100 g', '5.39', 'img_XX', 1),
(933, 'aceite de oliva el olivar extra virgen intenso botella 500 ml', '29.90', 'img_XX', 1),
(934, 'galletas surtidas pesebre caja 200 g', '12.80', 'img_XX', 1),
(935, 'gotas de pasta sabor chocolate chocolatería doypack 200 g', '12.00', 'img_XX', 1),
(936, 'jarabe de coco orgánico frasco 330 g', '33.99', 'img_XX', 1),
(937, 'puré de manzana cuisine&co frasco 850 g', '10.20', 'img_XX', 1),
(938, 'gomitas dientes ácidos bolsa 90 g', '3.90', 'img_XX', 1),
(939, 'mix de garbanzo, semilla de calabaza, cranberry y maní proteína nature\'s heart doypack 70 g', '5.90', 'img_XX', 1),
(940, 'mix de semilla de calabaza, almendra y maní low carb nature\'s heart doypack 70 g', '5.90', 'img_XX', 1),
(941, 'chocolate con leche triángulo barra 30 g caja 10 unid', '14.90', 'img_XX', 1),
(942, 'combo 4 empanadas de carne', '13.50', 'img_XX', 1),
(943, 'pan chancay metro bolsa 12 unid', '5.10', 'img_XX', 1),
(944, 'cake de plátano con chocochips metro + coca cola 1.5 litro', '17.90', 'img_XX', 1),
(945, 'combo 4 empanadas de pollo metro + gaseosa 1.5 litros', '16.50', 'img_XX', 1),
(946, 'petit pan metro bolsa 25 unidades', '5.10', 'img_XX', 1),
(947, 'cake de vainilla metro + coca cola 1.5 litros', '17.90', 'img_XX', 1),
(948, 'cake de manzana metro + coca cola 1.5 litro', '17.90', 'img_XX', 1),
(949, 'pan de molde campesino misturapan bolsa 390 g', '7.90', 'img_XX', 1),
(950, 'combo 6 empanadas de carne metro + gaseosa 1.5 litros', '23.50', 'img_XX', 1),
(951, 'combo 6 empanadas de pollo metro + gaseosa 1.5 litros', '23.50', 'img_XX', 1),
(952, 'combo 4 empanadas de carne metro + gaseosa 1.5 litros', '16.50', 'img_XX', 1),
(953, 'combo 4 empanadas de pollo metro + gaseosa 1.5 litros', '16.50', 'img_XX', 1),
(954, 'torta helada de duraznos metro 10 porciones', '27.90', 'img_XX', 1),
(955, 'cake de chocolate metro x unid', '14.90', 'img_XX', 1),
(956, 'tostadas de vainilla metro bolsa 20 unid', '6.20', 'img_XX', 1),
(957, 'tostadas integrales metro bolsa 20 unid', '6.20', 'img_XX', 1),
(958, 'cake de vainilla rectangular metro x unid', '8.90', 'img_XX', 1),
(959, 'cake marmoleado metro x unid', '14.90', 'img_XX', 1),
(960, 'torta de chocolate grande metro 20 porciones', '52.90', 'img_XX', 1),
(961, 'tarta de manzana mediana 10 porciones', '21.90', 'img_XX', 1),
(962, 'chifón de naranja metro x unid', '17.90', 'img_XX', 1),
(963, 'gaseosa coca cola botella 1.5 lt + petit pan la panadería bolsa 25 unid', '9.50', 'img_XX', 1),
(964, 'pionono clásico metro x unid', '19.90', 'img_XX', 1),
(965, 'torta fiesta de chocolate chica 10 porciones', '28.90', 'img_XX', 1),
(966, 'torta tres leches canela chica 10 porciones', '36.90', 'img_XX', 1),
(967, 'pan francés precocido bolsa 10 unid', '5.10', 'img_XX', 1),
(968, 'petit pan integral metro bolsa 25 unid', '5.10', 'img_XX', 1),
(969, 'torta selva negra choco petit metro 6 porciones', '21.90', 'img_XX', 1),
(970, 'torta tres leches de la casa petit metro 6 porciones', '21.90', 'img_XX', 1),
(971, 'torta tres leches fresa y coco petit metro 6 porciones', '21.90', 'img_XX', 1),
(972, 'cake de plátano con choco chips metro x unid', '14.90', 'img_XX', 1),
(973, 'pan hot dog metro bolsa 6 unid', '4.20', 'img_XX', 1),
(974, 'torta tres leches fresa y coco chica 10 porciones', '36.90', 'img_XX', 1),
(975, 'cake de chocolate rectangular metro x unid', '8.90', 'img_XX', 1),
(976, 'torta helada de fresa grande 20 porciones', '46.90', 'img_XX', 1),
(977, 'torta tres leches fresa y coco mediana 16 porciones', '53.90', 'img_XX', 1),
(978, 'torta helada de fresa corazón 10 porciones', '27.90', 'img_XX', 1),
(979, 'torta helada de durazno chica 10 porciones', '31.90', 'img_XX', 1),
(980, 'pionono de fresa metro x unid', '19.90', 'img_XX', 1),
(981, 'pionono de zanahoria con arándanos metro x unid', '19.90', 'img_XX', 1),
(982, 'pionono nutella metro x unid', '19.90', 'img_XX', 1),
(983, 'torta fiesta chocolate chica metro 10 porciones', '35.50', 'img_XX', 1),
(984, 'torta helada de piña chica metro 10 porciones', '31.90', 'img_XX', 1),
(985, 'torta tres leches sauco chica 10 porciones', '37.90', 'img_XX', 1),
(986, 'torta tres leches café chica 10 porciones', '36.90', 'img_XX', 1),
(987, 'torta tres leches lúcuma chica 10 porciones', '36.90', 'img_XX', 1),
(988, 'torta helada con duraznos petit 6 personas', '19.90', 'img_XX', 1),
(989, 'torta helada fresa petit 6 personas', '19.90', 'img_XX', 1),
(990, 'torta helada arco iris petit 6 personas', '19.90', 'img_XX', 1),
(991, 'pan ciabatta precocido metro bolsa 10 unid', '5.90', 'img_XX', 1),
(992, 'pan de yema bolsa 8 unid', '5.90', 'img_XX', 1),
(993, 'pan brioche metro bolsa 8 unid', '3.90', 'img_XX', 1),
(994, 'torta corazón tres leches petit metro 6 porciones', '21.90', 'img_XX', 1),
(995, 'torta corazón selva negra petit metro 6 porciones', '19.90', 'img_XX', 1),
(996, 'torta corazón de chocolate petit metro 6 porciones', '21.90', 'img_XX', 1),
(997, 'pan de molde de yema misturapan bolsa 390 g', '7.90', 'img_XX', 1),
(998, 'pan de molde multigranos misturapan bolsa 390 g', '7.90', 'img_XX', 1),
(999, 'pan de molde finas hierbas misturapan bolsa 390 g', '7.90', 'img_XX', 1),
(1000, 'pan de molde integral misturapan bolsa 390 g', '7.90', 'img_XX', 1),
(1001, 'torta helada de fresa chica metro 10 porciones', '27.90', 'img_XX', 1),
(1002, 'torta de chantilly petit metro 6 porciones', '21.90', 'img_XX', 1),
(1003, 'torta alemana con cerezas petit metro 6 porciones', '21.90', 'img_XX', 1),
(1004, 'torta de chocolate petit 6 porciones', '21.90', 'img_XX', 1),
(1005, 'torta candy cake petit metro 6 porciones', '21.90', 'img_XX', 1),
(1006, 'muffins choco chips pack 4 unid', '8.90', 'img_XX', 1),
(1007, 'pizza brownie nestlé x unid', '29.99', 'img_XX', 1),
(1008, 'torta festival marshmallow chica metro 10 porciones', '21.90', 'img_XX', 1),
(1009, 'pan hamburguesa metro bolsa 8 unid', '6.20', 'img_XX', 1),
(1010, 'torta torbellino de chocolate chica 10 porciones', '21.90', 'img_XX', 1),
(1011, 'torta de chocolate chica metro 10 porciones', '28.90', 'img_XX', 1),
(1012, 'tejas surtidas helena caja 260 g', '51.90', 'img_XX', 1),
(1013, 'torta selva negra chica 10 porciones', '36.90', 'img_XX', 1),
(1014, 'chocotejas surtidas helena caja 260 g', '51.90', 'img_XX', 1),
(1015, 'cake marmoleado rectangular metro x unid', '8.90', 'img_XX', 1),
(1016, 'cake de naranja rectangular metro x unid', '8.90', 'img_XX', 1),
(1017, 'torta tres leches frutos del bosque mediana 16 porciones', '56.90', 'img_XX', 1),
(1018, 'torta delicia de moka chica 10 porciones', '21.90', 'img_XX', 1),
(1019, 'cake de naranja metro x unid', '14.90', 'img_XX', 1),
(1020, 'torta de chocolate mediana metro 16 porciones', '45.90', 'img_XX', 1),
(1021, 'torta de chocolate con manjar mediana metro 16 porciones', '45.90', 'img_XX', 1),
(1022, 'cake rectangular con diseño metro x unid', '19.90', 'img_XX', 1),
(1023, 'torta corazón selva negra grande 20 porciones', '54.90', 'img_XX', 1),
(1024, 'cake de chocolate + coca cola 1.5 litro', '17.90', 'img_XX', 1),
(1025, 'torta tres leches metro mediana 16 porciones', '50.90', 'img_XX', 1),
(1026, 'torta helada de durazno grande metro 20 porciones', '45.90', 'img_XX', 1),
(1027, 'torta helada de durazno grande 20 porciones', '46.90', 'img_XX', 1),
(1028, 'torta selva negra grande 20 porciones', '56.90', 'img_XX', 1),
(1029, 'torta selva negra mediana 16 porciones', '46.90', 'img_XX', 1),
(1030, 'cake de vainilla metro x unid', '14.90', 'img_XX', 1),
(1031, 'tarta de maracuyá 10 porciones', '26.90', 'img_XX', 1),
(1032, 'tarta de lúcuma con chocolate 10 porciones', '26.90', 'img_XX', 1),
(1033, 'tarta de coco metro 10 porciones', '26.90', 'img_XX', 1),
(1034, 'rosca tradicional la panadería x unid', '7.10', 'img_XX', 1),
(1035, 'alverja congelada el frutero bolsa 500 g', '6.90', 'img_XX', 1),
(1036, 'choclo serrano desgranado congelado el frutero bolsa 500 g', '8.40', 'img_XX', 1),
(1037, 'mix zanahoria y alverja congelada el frutero bolsa 500 g', '6.20', 'img_XX', 1),
(1038, 'fresa entera congelada el frutero bolsa 1 kg', '9.99', 'img_XX', 1),
(1039, 'papa amarilla pre frita congelada cocinero bolsa 700 g', '11.29', 'img_XX', 1),
(1040, 'siu mai de pollo metro bolsa 18 unid', '18.99', 'img_XX', 1),
(1041, 'helado de crema chocolate peziduri d\'onofrio pote 930 ml', '11.50', 'img_XX', 1),
(1042, 'helado de crema tricolor peziduri d\'onofrio pote 930 ml', '11.50', 'img_XX', 1),
(1043, 'helado de crema sublime nestlé pote 1 lt', '17.90', 'img_XX', 1),
(1044, 'helado de crema princesa nestlé pote 1 lt', '17.90', 'img_XX', 1),
(1045, 'papa tradicional mc cain bolsa 720 g', '17.60', 'img_XX', 1),
(1046, 'brócoli congelado el frutero bolsa 500 g', '6.00', 'img_XX', 1),
(1047, 'yuca amarilla lista para freir congelada el frutero bolsa 500 g', '6.90', 'img_XX', 1),
(1048, 'mix jardinera congelada el frutero bolsa 500 g', '7.40', 'img_XX', 1),
(1049, 'ensalada rusa congelada el frutero bolsa 500 g', '6.90', 'img_XX', 1),
(1050, 'piña golden en trozos congelada el frutero bolsa 1 kg', '11.99', 'img_XX', 1),
(1051, 'papaya en trozos congelada el frutero bolsa 1 kg', '12.30', 'img_XX', 1),
(1052, 'helado de crema alfajor peziduri d\'onofrio pote 930 ml', '17.90', 'img_XX', 1),
(1053, 'siu mai de cerdo metro bolsa 18 unid', '18.99', 'img_XX', 1),
(1054, 'pan de queso tradicional forno de minas bolsa 400 g', '16.90', 'img_XX', 1),
(1055, 'helado de crema vainilla peziduri d\'onofrio pote 930 ml', '11.50', 'img_XX', 1),
(1056, 'helado de crema lúcuma peziduri d\'onofrio pote 930 ml', '11.50', 'img_XX', 1),
(1057, 'helado de crema chocochips peziduri d\'onofrio pote 930 ml', '11.50', 'img_XX', 1),
(1058, 'helado de crema vainilla d\'ono sandwich d\'onofrio pote 1 lt', '17.90', 'img_XX', 1),
(1059, 'arándano entero congelado el frutero bolsa 1 kg', '17.00', 'img_XX', 1),
(1060, 'helado cheesecake de maracuyá cuisine & co paleta 108 g', '6.90', 'img_XX', 1),
(1061, 'helado de crema cacao de ayacucho frio rico crocante d\'onofrio pote 930 ml', '20.90', 'img_XX', 1),
(1062, 'mix verduras para sopa congeladas el frutero bolsa 500 g', '5.30', 'img_XX', 1),
(1063, 'helado cookies and cream cuisine & co paleta 108 g', '6.90', 'img_XX', 1),
(1064, 'helado lúcuma manjar cuisine & co paleta 108 g', '6.90', 'img_XX', 1),
(1065, 'helado volcán de chocolate cuisine & co paleta 108 g', '6.90', 'img_XX', 1),
(1066, 'helado tres leches cuisine & co paleta 108 g', '6.90', 'img_XX', 1),
(1067, 'helado de crema caramelo con sal de maras frio rico crocante d\'onofrio pote 930 ml', '20.90', 'img_XX', 1),
(1068, 'frutas del bosque green food bolsa 400 g', '13.59', 'img_XX', 1),
(1069, 'tequeños de queso teque cheese caja 12 unidades', '15.50', 'img_XX', 1),
(1070, 'helado mint chocolate chip breyers pote 48 oz', '24.90', 'img_XX', 1),
(1071, 'bolas de yuca rellenas con queso metro bolsa 18 unid', '15.99', 'img_XX', 1),
(1072, 'frambuesa entera congelada green food bolsa 400 g', '19.19', 'img_XX', 1),
(1073, 'helado de crema besos de moza nestlé pote 1 lt', '17.90', 'img_XX', 1),
(1074, 'yuca en trozos green food bolsa 400 g', '6.80', 'img_XX', 1),
(1075, 'papa tradicional mc cain bolsa 1.5 kg', '33.60', 'img_XX', 1),
(1076, 'piña golden en trozos congelada el frutero bolsa 500 g', '8.79', 'img_XX', 1),
(1077, 'mix de fresa y plátano el frutero bolsa 500 g', '6.99', 'img_XX', 1),
(1078, 'helado fresas con leche condensada cuisine & co paleta 108 g', '6.90', 'img_XX', 1),
(1079, 'helado menta chip cuisine & co paleta 108 g', '6.90', 'img_XX', 1),
(1080, 'minichurros rellenos de manjar blanco q\'churros caja 15 unidades', '18.90', 'img_XX', 1),
(1081, 'helado de crema cheesecake frutos rojos peziduri d\'onofrio pote 930 ml', '17.90', 'img_XX', 1),
(1082, 'raviolitos de pollo don italo bolsa 500 g', '20.99', 'img_XX', 1),
(1083, 'choclo serrano desgranado green food bolsa 400 g', '8.10', 'img_XX', 1),
(1084, 'arveja y zanahoria green food bolsa 400 g', '6.60', 'img_XX', 1),
(1085, 'helado de crema fresa peziduri d\'onofrio pote 930 ml', '11.50', 'img_XX', 1),
(1086, 'papa emoticons mc cain bolsa 600 g', '25.50', 'img_XX', 1),
(1087, 'mix de vegetales con sabor a mantequilla y perejil cuisin easy bolsa 1.250 kg', '13.99', 'img_XX', 1),
(1088, 'arándanos, fresas, zarzamoras y cerezas congeladas berries del perú bolsa 350 g', '22.29', 'img_XX', 1),
(1089, 'arándanos, zarzamoras y frambuesas congeladas berries del perú bolsa 350 g', '21.69', 'img_XX', 1),
(1090, 'fresas congeladas berries del perú bolsa 350 g', '11.99', 'img_XX', 1),
(1091, 'pulpa de acaí congelado berries del perú bolsa 400 g', '31.19', 'img_XX', 1),
(1092, 'pulpa de camu camu congelada berries del perú bolsa 400 g', '26.39', 'img_XX', 1),
(1093, 'pulpa de mango, lúcuma y aguaje congelada berries del perú bolsa 400 g', '25.00', 'img_XX', 1),
(1094, 'helado chocolate cuisine & co paleta 108 g', '6.90', 'img_XX', 1),
(1095, 'mango en trozos congelado d\'onofrio bolsa 500 g', '12.50', 'img_XX', 1),
(1096, 'arándano entero congelado d\'onofrio bolsa 350 g', '12.50', 'img_XX', 1),
(1097, 'fresa entera congelada d\'onofrio bolsa 500 g', '12.50', 'img_XX', 1),
(1098, 'helado chocolate dulce de leche cuisine & co paleta 108 g', '6.90', 'img_XX', 1),
(1099, 'mango congelado en trozos del ande bolsa 1 kg', '11.99', 'img_XX', 1),
(1100, 'piña golden congelada en trozos del ande bolsa 1 kg', '15.99', 'img_XX', 1),
(1101, 'helado de crema fresa de huaura frio rico crocante d\'onofrio pote 930 ml', '20.90', 'img_XX', 1),
(1102, 'helado sin azúcar añadida salted caramel swirl breyers pote 48 oz', '24.90', 'img_XX', 1),
(1103, 'helado sin lactosa chocolate breyers pote 48 oz', '24.90', 'img_XX', 1),
(1104, 'helado sin lactosa vainilla breyers pote 48 oz', '24.90', 'img_XX', 1),
(1105, 'helado natural vainilla breyers pote 48 oz', '24.90', 'img_XX', 1),
(1106, 'helado chocolate breyers pote 48 oz', '24.90', 'img_XX', 1),
(1107, 'helado black raspberry breyers pote 48 oz', '24.90', 'img_XX', 1),
(1108, 'helado strawberry breyers pote 48 oz', '24.90', 'img_XX', 1),
(1109, 'pulpa congelada de camu camu natifrut bolsa 250 g', '14.99', 'img_XX', 1),
(1110, 'pan de queso asado forno de minas bolsa 500 g', '29.90', 'img_XX', 1),
(1111, 'mixtura ensalada precocida green food bolsa 400 g', '7.50', 'img_XX', 1),
(1112, 'waffle tradicional congelado forno de minas bolsa 6 unid', '10.50', 'img_XX', 1),
(1113, 'pulpa congelada de arándano natifrut bolsa 250 g', '11.30', 'img_XX', 1),
(1114, 'pulpa congelada de granadilla natifrut bolsa 250 g', '5.79', 'img_XX', 1),
(1115, 'fresa entera green food bolsa 400 g', '8.19', 'img_XX', 1),
(1116, 'arveja congelada green food bolsa 400 g', '7.70', 'img_XX', 1),
(1117, 'gaseosa inca kola sin azúcar botella 1.5 lt pack de 2 unid', '11.00', 'img_XX', 1),
(1118, 'agua sin gas mineral san mateo bidón 7 l', '9.50', 'img_XX', 1),
(1119, 'agua sin gas cielo bidón 7 l', '7.90', 'img_XX', 1),
(1120, 'agua de mesa san luis sin gas caja 20 lt', '25.50', 'img_XX', 1),
(1121, 'gaseosa pepsi, 7up y concordia sabor naranja pack 3 botellas de 3 litros c/u', '17.90', 'img_XX', 1),
(1122, 'gaseosa schweppes ginger ale botella 1.5 lt pack de 2 unid', '10.80', 'img_XX', 1),
(1123, 'agua sin gas san carlos pack 20 unidades de 500 ml c/u', '12.90', 'img_XX', 1),
(1124, 'bebida de naranja frugos del valle caja 1.5 lt', '5.50', 'img_XX', 1),
(1125, 'gaseosa inca kola botella 500 ml pack de 6 unid', '13.00', 'img_XX', 1),
(1126, 'gaseosa coca cola botella 1 lt', '4.30', 'img_XX', 1),
(1127, 'bebida de durazno frugos del valle caja 235 ml pack de 6 unid', '7.40', 'img_XX', 1),
(1128, 'agua sin gas cielo botella 2.5 l', '2.50', 'img_XX', 1),
(1129, 'gaseosa inca kola botella 1.5 lt pack de 2 unid', '11.00', 'img_XX', 1),
(1130, 'gaseosa coca cola botella 1.5 lt pack de 2 unid', '11.00', 'img_XX', 1),
(1131, 'mix de gaseosas: coca cola + inca kola + fanta botella 3 lt', '24.50', 'img_XX', 1),
(1132, 'agua sin gas cielo caja 20 l', '25.90', 'img_XX', 1),
(1133, 'gaseosa coca cola botella 500 ml pack de 6 unid', '13.00', 'img_XX', 1),
(1134, 'agua de mesa san luis sin gas bidón 7 lt', '8.50', 'img_XX', 1),
(1135, 'mix de gaseosas: coca cola + inca kola botella 3 lt', '18.90', 'img_XX', 1),
(1136, 'bebida de durazno frugos del valle caja 1.5 lt', '5.50', 'img_XX', 1),
(1137, 'gaseosa coca cola sin azúcar botella 1.5 lt pack 2 unid', '11.00', 'img_XX', 1),
(1138, 'gaseosa sprite botella 3 lt', '6.50', 'img_XX', 1),
(1139, 'gaseosa inca kola botella 3 lt pack de 2 unid', '18.90', 'img_XX', 1),
(1140, 'agua de mesa benedictino sin gas botella 2.5 lt', '2.30', 'img_XX', 1),
(1141, 'gaseosa schweppes citrus botella 1.5 lt pack de 2 unid', '10.80', 'img_XX', 1),
(1142, 'bebida de maracuya gloria caja 1 litro', '4.30', 'img_XX', 1),
(1143, 'gaseosa inca kola sin azúcar botella 1 lt', '4.30', 'img_XX', 1),
(1144, 'gaseosa coca cola sin azúcar botella 1 lt', '4.30', 'img_XX', 1),
(1145, 'gaseosa sprite botella 2.25 lt', '5.00', 'img_XX', 1),
(1146, 'chicha morada naturale botella 1.9 l', '9.69', 'img_XX', 1),
(1147, 'gaseosa coca cola sin azúcar botella 500 ml pack 6 unid', '13.00', 'img_XX', 1),
(1148, 'gaseosa inca kola botella 1 lt', '4.30', 'img_XX', 1),
(1149, 'agua sin gas mineral san mateo pack 6 unidades de 600 ml c/u', '8.69', 'img_XX', 1),
(1150, 'agua con gas mineral san mateo pack 6 unidades de 600 ml c/u', '8.69', 'img_XX', 1),
(1151, 'agua de mesa san luis con gas botella 2.5 lt', '2.50', 'img_XX', 1),
(1152, 'agua de mesa san luis sin gas botella 625 ml pack de 15 unid', '18.00', 'img_XX', 1),
(1153, 'bebida de manzana frugos del valle caja 1.5 lt', '5.50', 'img_XX', 1),
(1154, 'gaseosa fanta kola inglesa botella 3 lt', '6.50', 'img_XX', 1),
(1155, 'agua sin gas mineral san mateo botella 2.5 l', '4.00', 'img_XX', 1),
(1156, 'gaseosa coca cola botella 3 lt pack de 2 unid', '18.90', 'img_XX', 1),
(1157, 'gaseosa fanta botella 3 lt', '6.50', 'img_XX', 1),
(1158, 'gaseosa sprite botella 500 ml pack 6 unid', '10.80', 'img_XX', 1),
(1159, 'gaseosa pepsi, 7up y concordia sabor piña pack 3 botellas de 3 litros c/u', '17.90', 'img_XX', 1),
(1160, 'gaseosa fanta kola inglesa botella 2.25 lt', '5.00', 'img_XX', 1),
(1161, 'agua san carlos caja 20 litros', '22.90', 'img_XX', 1),
(1162, 'bebida de naranja gloria caja 1 litro', '4.30', 'img_XX', 1),
(1163, 'bebida de mango gloria caja 1 litro', '4.30', 'img_XX', 1),
(1164, 'bebida de durazno gloria caja 1 l', '4.30', 'img_XX', 1),
(1165, 'mix de gaseosas: coca cola + inca kola botella 3 lt', '27.90', 'img_XX', 1),
(1166, 'gaseosa fanta botella 2.25 lt', '5.00', 'img_XX', 1),
(1167, 'gaseosa inca kola zero six pack 500 ml c/u', '13.00', 'img_XX', 1),
(1168, 'bebida de naranja frugos del valle caja 235 ml pack de 6 unid', '7.40', 'img_XX', 1),
(1169, 'bebida de manzana frugos del valle caja 235 ml pack de 6 unid', '7.40', 'img_XX', 1),
(1170, 'bebida de mango frugos del valle caja 235 ml pack de 6 unid', '7.40', 'img_XX', 1),
(1171, 'bebida de naranja con edulcorantes slim gloria caja 1 lt', '4.30', 'img_XX', 1),
(1172, 'bebida rehidratante gatorade pack 6 unid x 500 ml', '12.10', 'img_XX', 1),
(1173, 'agua de mesa san luis con gas botella 625 ml pack de 6 unid', '7.50', 'img_XX', 1),
(1174, 'gaseosa fanta piña botella 3 litros', '6.50', 'img_XX', 1),
(1175, 'gaseosa fanta naranja botella 500 ml pack 6 unid', '10.80', 'img_XX', 1),
(1176, 'bebida rehidratante gatorade tropical botella 1 litro', '4.20', 'img_XX', 1),
(1177, 'bebida de piña gloria caja 1 litro', '4.30', 'img_XX', 1),
(1178, 'bebida de durazno frugos del valle botella 1 lt', '5.25', 'img_XX', 1),
(1179, 'bebida rehidratante gatorade apple ice botella 500 ml', '2.99', 'img_XX', 1),
(1180, 'gaseosa schweppes citrus botella 1.5 lt', '5.90', 'img_XX', 1),
(1181, 'panetón con relleno sabor manjar chocotón caja 500 g + gaseosa coca cola sin azúcar botella 1 lt', '26.39', 'img_XX', 1),
(1182, 'panetón con relleno sabor manjar chocotón caja 500 g + gaseosa inca kola sin azúcar botella 1 lt', '26.39', 'img_XX', 1),
(1183, 'panetón con relleno sabor manjar chocotón caja 500 g + gaseosa inca kola botella 1 lt', '26.39', 'img_XX', 1),
(1184, 'panetón con relleno sabor manjar chocotón caja 500 g + gaseosa coca cola botella 1 lt', '26.39', 'img_XX', 1),
(1185, 'panetón con gotas sabor chocolate chocotón caja 500 g + gaseosa coca cola sin azúcar botella 1 lt', '23.49', 'img_XX', 1),
(1186, 'panetón con gotas sabor chocolate chocotón caja 500 g + gaseosa inca kola sin azúcar botella 1 lt', '23.49', 'img_XX', 1),
(1187, 'panetón con gotas sabor chocolate chocotón caja 500 g + gaseosa inca kola botella 1 lt', '23.49', 'img_XX', 1),
(1188, 'panetón con gotas sabor chocolate chocotón caja 500 g + gaseosa coca cola botella 1 lt', '23.49', 'img_XX', 1),
(1189, 'panetón clásico donofrio doypack 900 g + gaseosa inca kola botella 1.5 lt', '30.70', 'img_XX', 1),
(1190, 'panetón clásico donofrio doypack 900 g + gaseosa coca cola botella 1.5 lt', '30.70', 'img_XX', 1),
(1191, 'panetón clásico donofrio doypack 900 g + gaseosa inca kola sin azúcar botella 1.5 lt', '30.70', 'img_XX', 1),
(1192, 'panetón clásico donofrio doypack 900 g + gaseosa coca cola sin azúcar botella 1.5 lt', '30.70', 'img_XX', 1),
(1193, 'gaseosa inca kola lata 355 ml', '4.90', 'img_XX', 1),
(1194, 'bebida energizante red bull tropical pack de 4 latas de 250 ml c/u', '27.50', 'img_XX', 1),
(1195, 'pack gaseosa pepsi botella 3 l + tortillas de maíz doritos dippas original bolsa 200 g + papas ondas picante lays bolsa 150 g', '23.40', 'img_XX', 1),
(1196, 'pack gaseosa pepsi botella 3 l + papas lays clásicas bolsa 160 g + tortillas de maíz queso atrevido doritos bolsa 210 g', '23.40', 'img_XX', 1),
(1197, 'pack gaseosa pepsi botella 1.5 l + papas ondas clásica lays bolsa 150 g', '11.10', 'img_XX', 1),
(1198, 'pack gaseosa pepsi botella 1.5 l + papas lays clásicas bolsa 160 g', '11.10', 'img_XX', 1),
(1199, 'pack gaseosa pepsi botella x 750 ml + papas lays clásicas bolsa 85 g + tortillas de maíz queso atrevido doritos bolsa 85 g', '9.30', 'img_XX', 1),
(1200, 'pack gaseosa pepsi botella 3 l + tortillas de maíz tostitos original bolsa 200 g', '16.30', 'img_XX', 1),
(1201, 'pack gaseosa pepsi botella 3 l + tortillas de maíz doritos dippas original bolsa 200 g', '16.30', 'img_XX', 1),
(1202, 'pack gaseosa pepsi botella 3 l + combo papas lays clásicas bolsa 160 g + piqueo snax original bolsa 200 g', '23.40', 'img_XX', 1),
(1203, 'pack gaseosa pepsi botella 1.5 l + papas ondas picante lays bolsa 150 g', '11.10', 'img_XX', 1),
(1204, 'jugo natural con mango y melocotón v8 splash botella 473 ml', '5.99', 'img_XX', 1),
(1205, 'jugo natural con cóctel de frutas v8 splash botella 473 ml', '5.99', 'img_XX', 1),
(1206, 'jugo natural con mix de frutas tropicales v8 splash botella 473 ml', '5.99', 'img_XX', 1),
(1207, 'jugo natural con kiwi y fresas v8 splash botella 473 ml', '5.99', 'img_XX', 1),
(1208, 'jugo natural con mix de moras v8 splash botella 473 ml', '5.99', 'img_XX', 1),
(1209, 'jugo de naranja con calcio florida\'s natural caja 1.5 lt', '19.90', 'img_XX', 1),
(1210, 'jugo de naranja sin pulpa florda\'s natural caja 1.5 lt', '19.90', 'img_XX', 1),
(1211, 'jugo de naranja con pulpa florida\'s natural caja 1.5 lt', '19.90', 'img_XX', 1),
(1212, 'gaseosa big cola botella 3.3 lt', '6.50', 'img_XX', 1),
(1213, 'gaseosa viva backus botella 3.010 lt', '6.50', 'img_XX', 1),
(1214, 'gaseosa sprite lata 355 ml', '4.90', 'img_XX', 1),
(1215, 'gaseosa coca cola cherry lata 355 ml', '4.90', 'img_XX', 1),
(1216, 'bebida de naranja frugos del valle botella 1 lt', '5.25', 'img_XX', 1),
(1217, 'gaseosa oro botella 3.3000 litros', '6.50', 'img_XX', 1),
(1218, 'bebida energizante red bull sugar free pack de 4 unid lata 250 ml', '27.50', 'img_XX', 1),
(1219, 'bebida energizante red bull pack de 6 unid lata 250 ml', '37.90', 'img_XX', 1),
(1220, 'bebida de naranja frugos del valle light caja 235 ml pack de 6 unid', '7.40', 'img_XX', 1),
(1221, 'agua de mesa san luis sin gas bidón 2.5 lt', '2.50', 'img_XX', 1),
(1222, 'bebida de manzana frugos del valle caja 1 lt', '4.50', 'img_XX', 1),
(1223, 'bebida de mango frugos del valle caja 1 lt', '4.50', 'img_XX', 1),
(1224, 'bebida rehidratante gatorade tropical botella 750 ml', '4.50', 'img_XX', 1),
(1225, 'bebida rehidratante gatorade tropical botella 500 ml', '2.99', 'img_XX', 1),
(1226, 'bebida rehidratante gatorade mandarina botella 500 ml', '2.99', 'img_XX', 1),
(1227, 'bebida rehidratante gatorade cool blue botella 500 ml', '2.99', 'img_XX', 1),
(1228, 'bebida rehidratante gatorade monosabor pack 6 unid x 500 ml', '12.10', 'img_XX', 1),
(1229, 'bebida de durazno con edulcorantes slim gloria caja 1 lt', '4.30', 'img_XX', 1),
(1230, 'bebida energizante red bull lata 355 ml', '9.50', 'img_XX', 1),
(1231, 'gaseosa schweppes ginger ale botella 1.5 lt', '5.90', 'img_XX', 1),
(1232, 'agua de mesa san luis sin gas botella 625 ml pack de 6 unid', '7.50', 'img_XX', 1),
(1233, 'gaseosa pepsi botella 500 ml', '2.20', 'img_XX', 1),
(1234, 'bebida energizante red bull pack de 4 unid lata 250 ml', '27.50', 'img_XX', 1),
(1235, 'gaseosa pepsi botella 3 l', '8.00', 'img_XX', 1),
(1236, 'arroz extra tottus - bolsa 5 kg ', '15.9', 'img_XX', 6),
(1237, 'arroz extra faraon - bolsa 5 kg ', '24.4', 'img_XX', 6),
(1238, 'arroz extra paisana - bolsa 5 kg ', '17', 'img_XX', 6),
(1239, 'arroz extra vallenorte - bolsa 5 kg ', '21.9', 'img_XX', 6),
(1240, 'arroz superior tottus - bolsa 5 kg ', '14.9', 'img_XX', 6),
(1241, 'arroz superior tottus saco x 10kg tottus - saco 10 kg ', '30.4', 'img_XX', 6),
(1242, 'arroz superior paisana - bolsa 5 kg ', '17', 'img_XX', 6),
(1243, 'arroz extra gran chalan x 5kg gran-chalan - bolsa 5 kg ', '18', 'img_XX', 6),
(1244, 'arroz extra vallenorte - bolsa 750 gr ', '3.8', 'img_XX', 6),
(1245, 'arroz extra tottus - bolsa 750 gr ', '2.95', 'img_XX', 6),
(1246, 'arroz extra 750 gr faraon - bolsa 750 gr ', '3.95', 'img_XX', 6),
(1247, 'arroz extra integral tottus - bolsa 750 gr ', '3.2', 'img_XX', 6),
(1248, 'arroz extra costeno - bolsa 750 gr ', '4.1', 'img_XX', 6),
(1249, 'arroz extra 1 kg paisana - bolsa 1 kg ', '4.5', 'img_XX', 6),
(1250, 'arroz gourmet extra añejo gran-chalan - bolsa ', '21.2', 'img_XX', 6),
(1251, 'aceite de oliva extra virgen 200 ml el-olivar - botella 200 ml ', '11', 'img_XX', 6),
(1252, 'aceite oliva extra virgen carbonell - botella 500 ml ', '23.9', 'img_XX', 6),
(1253, 'aceite de oliva extra virgen el-olivar - botella 1 lt ', '37', 'img_XX', 6),
(1254, 'aceite oliva extra virgen 250 ml olivos-del-sur - botella 250 ml ', '18.5', 'img_XX', 6),
(1255, 'aceite de oliva extra virgen olivos-del-sur - botella 1 lt ', '46.9', 'img_XX', 6),
(1256, 'aceite de oliva extra virgen garcia-de-la-cruz - botella 1 lt ', '39.3', 'img_XX', 6),
(1257, 'aceite de oliva extra virgen tottus - botella 500 ml ', '19.5', 'img_XX', 6),
(1258, 'aceite de oliva extra virgen tottus - botella 2 l ', '54.9', 'img_XX', 6),
(1259, 'aceite de oliva extra virgen tottus - botella 1 lt ', '32.5', 'img_XX', 6),
(1260, 'azucar blanca tottus - bolsa 2 kg ', '7.55', 'img_XX', 6),
(1261, 'azúcar blanca cartavio - bolsa 1 kg ', '4.7', 'img_XX', 6),
(1262, 'azucar blanca tottus - bolsa 1 kg ', '4.1', 'img_XX', 6),
(1263, 'azúcar blanca 1 kg dulfina - bolsa 1 kg ', '4.8', 'img_XX', 6),
(1264, 'azúcar blanca 2 kg dulfina - bolsa 2 kg ', '8.9', 'img_XX', 6),
(1265, 'azucar blanca tottus x 5kg tottus - bolsa 5 kg ', '17.35', 'img_XX', 6),
(1266, 'azucar rubia tottus - bolsa 2 kg ', '6.2', 'img_XX', 6),
(1267, 'azucar rubia tottus - bolsa 1 kg ', '3.2', 'img_XX', 6),
(1268, 'azucar rubia tottus - bolsa 5 kg ', '13.6', 'img_XX', 6),
(1269, 'azúcar rubia 2 kg dulfina - bolsa 2 kg ', '6.9', 'img_XX', 6),
(1270, 'azúcar rubia 1 kg dulfina - bolsa 1 kg ', '3.9', 'img_XX', 6),
(1271, 'azúcar rubia 5 kg dulfina - bolsa 5 kg ', '15.9', 'img_XX', 6),
(1272, 'aceite vegetal tottus - botella 1 lt ', '8.9', 'img_XX', 6),
(1273, 'aceite de oliva extra virgen tottus - botella 1 lt ', '32.5', 'img_XX', 6),
(1274, 'aceite vegetal primor - botella 1 lt ', '11.9', 'img_XX', 6),
(1275, 'aceite vegetal premium primor - botella 1 lt ', '12.1', 'img_XX', 6),
(1276, 'aceite de oliva extra virgen tottus - botella 500 ml ', '19.5', 'img_XX', 6),
(1277, 'aceite de girasol tottus - botella 900 ml ', '9.9', 'img_XX', 6),
(1278, 'aceite vegetal nicolini - botella 1 lt ', '8.6', 'img_XX', 6),
(1279, 'aceite de canola wesson - botella 1.42 lt ', '39.5', 'img_XX', 6),
(1280, 'aceite de soya precio-uno - botella 900 ml ', '7.9', 'img_XX', 6),
(1281, 'aceite de canola wesson - botella 710 ml ', '25.1', 'img_XX', 6),
(1282, 'tapenade de aceitunas al ají 185 gr tottus - frasco 185 gr ', '6', 'img_XX', 6),
(1283, 'tapenade aceitunas alcachofa 185 gr tottus - frasco 185 gr ', '6', 'img_XX', 6),
(1284, 'aceituna verde deshuesada olivos-del-sur - doypack 250 gr ', '5.8', 'img_XX', 6),
(1285, 'pack trozos de atún aceite en aceite 6 unds tottus - lata 6 unds ', '24.5', 'img_XX', 6),
(1286, 'aceite de oliva puro 200 ml el-olivar - botella 200 ml ', '9.5', 'img_XX', 6),
(1287, 'aceite de oliva virgen 500 ml olivos-del-sur - botella 500 ml ', '28.3', 'img_XX', 6),
(1288, 'aceite de oliva arbequina 250 ml garcia-de-la-cruz - envase 250 ml ', '26.2', 'img_XX', 6),
(1289, 'filete de atun en aceite campomar - lata 170 gr ', '6.1', 'img_XX', 6),
(1290, 'lomos de atun en aceite campomar - lata 170 gr ', '6.2', 'img_XX', 6),
(1291, 'filete atun en aceite primor - lata 170 gr ', '6.2', 'img_XX', 6),
(1292, 'solido de caballa en aceite campomar - lata 170 gr ', '5.4', 'img_XX', 6),
(1293, 'filete de atun en aceite tottus - lata 170 gr ', '4.8', 'img_XX', 6),
(1294, 'trozos atun en aceite primor - lata 170 gr ', '6', 'img_XX', 6),
(1296, 'aceite de coco 1 l olivos-del-sur - frasco 1 l ', '83.9', 'img_XX', 6),
(1297, 'botella 2 en 1 vinagre y aceite casa-joven - accesorios ', '19.9', 'img_XX', 6),
(1298, 'aceite de oliva extra virgen tottus - botella 2 l ', '54.9', 'img_XX', 6),
(1299, 'aceite oliva extra virgen 250 ml olivos-del-sur - botella 250 ml ', '18.5', 'img_XX', 6),
(1300, 'aceite de oliva extra virgen 200 ml el-olivar - botella 200 ml ', '11', 'img_XX', 6),
(1301, 'aceite de oliva extra virgen olivos-del-sur - botella 1 lt ', '46.9', 'img_XX', 6),
(1302, 'aceite de oliva puro 1 l el-olivar - botella 1 l ', '31', 'img_XX', 6),
(1303, 'aceite oliva extra virgen carbonell - botella 500 ml ', '23.9', 'img_XX', 6),
(1304, 'aceite de oliva extra virgen el-olivar - botella 1 lt ', '37', 'img_XX', 6),
(1305, 'sólido de atún en aceite 170 gr tottus - lata 170 gr ', '4.95', 'img_XX', 6),
(1306, 'filete de atun en aceite 170 gr tottus - pack 2 un ', '8.9', 'img_XX', 6),
(1307, 'aceite de oliva extra virgen garcia-de-la-cruz - botella 1 lt ', '39.3', 'img_XX', 6),
(1310, 'filete de atún claro en aceite campomar - lata 170 gr ', '6.9', 'img_XX', 6),
(1311, 'filete de atun en aceite de girasol florida - lata 170 gr ', '6.6', 'img_XX', 6),
(1312, 'filete de atun en aceite girasol real - lata 170 gr ', '5.9', 'img_XX', 6),
(1313, 'trozos de atún en aceite vegetal campomar - lata 170 gr ', '5.9', 'img_XX', 6),
(1320, 'papa canchan procesada tottus - malla x 1 kg ', '2.6', 'img_XX', 6),
(1321, 'papa yungay natural tottus - malla x 1 kg ', '2.3', 'img_XX', 6),
(1322, 'papa amarilla procesada tottus - en bolsa 1 kg ', '4', 'img_XX', 6),
(1323, 'papas en hojuelas tottus - envase 175 gr ', '6.2', 'img_XX', 6),
(1324, 'papas original tottus - bolsa 115 gr ', '5.5', 'img_XX', 6),
(1325, 'papas lays lays - bolsa 160 gr ', '5.5', 'img_XX', 6),
(1326, 'papas lays lays - bolsa 210 gr ', '6.8', 'img_XX', 6),
(1327, 'papas lays lays - bolsa 32 gr ', '2.1', 'img_XX', 6),
(1328, 'papas duquesas tottus - paquete 1 kg ', '9.9', 'img_XX', 6),
(1329, 'papas al hilo tottus - taper 100 gr ', '3.9', 'img_XX', 6),
(1330, 'papas al hilo lays - bolsa 40 gr ', '2.1', 'img_XX', 6),
(1331, 'papa seca tottus - bolsa 400 gr ', '3.9', 'img_XX', 6),
(1332, 'pure de papa tottus - sobre 125 g ', '3.15', 'img_XX', 6),
(1333, 'papas lays lays - bolsa 85 gr ', '4.2', 'img_XX', 6),
(1334, 'gnoquis con papa tottus - paquete 500 gr ', '9.9', 'img_XX', 6),
(1335, 'papas al hilo lays - bolsa 155 gr ', '5.5', 'img_XX', 6),
(1336, 'pure de papa knorr - bolsa 125 gr ', '3.9', 'img_XX', 6),
(1337, 'papas al hilo 150 gr villa-natura - bolsa 150 gr ', '6.2', 'img_XX', 6),
(1338, 'papas fritas en hojuelas tottus - envase 185 gr ', '5.5', 'img_XX', 6),
(1339, 'papa nativa x kg verduras - kg ', '4.29', 'img_XX', 6),
(1340, 'puré de papas 125 gr nicolini - bolsa 125 gr ', '3.5', 'img_XX', 6),
(1341, 'papas carolina bbq tottus - bolsa 115 gr ', '5.5', 'img_XX', 6),
(1342, 'papas oregano y oliva tottus - bolsa 115 gr ', '5.5', 'img_XX', 6),
(1343, 'blister pelador de papas facusa - utensilios ', '9.9', 'img_XX', 6),
(1344, 'dulcera papa noel casa-joven - dulceras ', '43.9', 'img_XX', 6),
(1345, 'servilletero papa noel casa-joven - servilletero ', '9.9', 'img_XX', 6),
(1346, 'papas fritas sabor original pringles - envase 124 gr ', '10.9', 'img_XX', 6),
(1347, 'papas fritas con sal de maras inka-chips - bolsa 142 gr ', '7.5', 'img_XX', 6),
(1348, 'chips de papas sabor original tottus - lata 134 gr ', '6.5', 'img_XX', 6),
(1349, 'pelador de papas negro utilita tramontina - utensilios ', '9.9', 'img_XX', 6),
(1350, 'pelador de papas azul utilita tramontina - utensilios ', '9.9', 'img_XX', 6),
(1351, 'señora cara de papa clasica mr-potato - juego de estimulacion ', '49.9', 'img_XX', 6),
(1352, 'juego prensa papas + cuchillo facusa - utensilios ', '55.9', 'img_XX', 6),
(1353, 'señor cara de papa clasico mr-potato - juego de estimulacion ', '44.9', 'img_XX', 6),
(1354, 'papa nativa cocktail x kg granel - granel x kg ', '3.9', 'img_XX', 6),
(1355, 'marco de fotos tematico papa casa-joven - marcos ', '12.9', 'img_XX', 6),
(1356, 'plato ceramica papa noel casa-joven - platos cerámica ', '18.9', 'img_XX', 6),
(1357, 'papa tumbay prefrita congelada tottus - paquete 800 gr ', '10.9', 'img_XX', 6),
(1358, 'chips de papas sabor queso cheddar tottus - lata 134 gr ', '6.5', 'img_XX', 6),
(1359, 'chips de papas sabor crema y cebolla tottus - lata 134 gr ', '6.5', 'img_XX', 6),
(1360, 'hojuela de papa sabor a cebolla caramelizada bbq inka-chips - bolsa 142 gr ', '7.5', 'img_XX', 6),
(1361, 'bowl ensalada ceramica papa noel casa-joven - platos cerámica ', '45.9', 'img_XX', 6);
INSERT INTO `product` (`product_id`, `product_name`, `product_price`, `product_image`, `est_id`) VALUES
(1362, 'corona con peluche papa noel 45 cm casa-joven - coronas ', '45.9', 'img_XX', 6),
(1363, 'casa-joven - cojines navideños mr. potato head: papa pirata ', '45.9', 'img_XX', 6),
(1364, 'cojin forma papa noel clasico ', '69.9', 'img_XX', 6),
(1365, 'fuente piqueo ceramica papa noel ', '24.9', 'img_XX', 6),
(1366, 'set salero y pimentero papa noel ', '19.9', 'img_XX', 6),
(1367, 'cebolla blanca tottus - malla 1 kg ', '2.5', 'img_XX', 6),
(1368, 'espinaca granel - bolsa 400 gr ', '5.6', 'img_XX', 6),
(1369, 'zapallo macre granel - granel ', '2.99', 'img_XX', 6),
(1370, 'brocoli granel - maya 600 gr ', '4.5', 'img_XX', 6),
(1371, 'papa canchan procesada tottus - malla x 1 kg ', '2.6', 'img_XX', 6),
(1372, 'papa yungay natural tottus - malla x 1 kg ', '2.3', 'img_XX', 6),
(1373, 'pimiento morron granel - paquete 2 unds ', '2.49', 'img_XX', 6),
(1374, 'pepinillo mini orgánico ecolife - granel ', '8', 'img_XX', 6),
(1375, 'limon sutil granel - malla x 1 kg ', '3.5', 'img_XX', 6),
(1376, 'lechuga crespa roja hidroponica tottus - granel ', '1.99', 'img_XX', 6),
(1377, 'rallador de verduras set homewell - utensilios ', '30.9', 'img_XX', 6),
(1378, 'aji verde tottus - bolsa 400 gr ', '2.99', 'img_XX', 6),
(1379, 'cebolla roja tottus - malla x 1 kg ', '2.9', 'img_XX', 6),
(1380, 'arveja americana granel - granel ', '6.9', 'img_XX', 6),
(1381, 'pelador de verduras linea clasica ilko - utensilios ', '6.9', 'img_XX', 6),
(1382, 'enrollado de pollo con verduras y champignones tottus - paquete 1 kg ', '34.9', 'img_XX', 6),
(1383, 'sopa instantánea pollo con verduras 80 gr ajinomen - bolsa 80 gr ', '1.45', 'img_XX', 6),
(1384, 'caihua verduras - bolsa 1 und ', '1.39', 'img_XX', 6),
(1385, 'coliflor x un verduras - granel 1 ud ', '5.9', 'img_XX', 6),
(1386, 'tomate italiano selecto verduras - granel x kg ', '6.5', 'img_XX', 6),
(1387, 'caihua chilena x un verduras - granel x und ', '2.7', 'img_XX', 6),
(1388, 'papa nativa x kg verduras - kg ', '4.29', 'img_XX', 6),
(1389, 'zanahoria tottus - en bolsa 1 kg ', '2.99', 'img_XX', 6),
(1390, 'papa nativa cocktail x kg granel - granel x kg ', '3.9', 'img_XX', 6),
(1391, 'maiz morado granel - granel 1 und ', '6.4', 'img_XX', 6),
(1392, 'ajo entero tottus - malla 300 gr ', '4.89', 'img_XX', 6),
(1393, 'lechuga americana granel - granel 1 und ', '2.5', 'img_XX', 6),
(1394, 'cebollita perla tottus x 300 gr tottus - un ', '5.4', 'img_XX', 6),
(1395, 'col de brucelas tottus x 150 gr tottus - un ', '9', 'img_XX', 6),
(1396, 'tomate espanol tottus x 450 gr tottus - un ', '6.9', 'img_XX', 6),
(1397, 'choclito baby tottus x 200 gr tottus - un ', '8.4', 'img_XX', 6),
(1398, 'vainita baby tottus x 200 gr tottus - un ', '6.6', 'img_XX', 6),
(1399, 'zanahoria baby tottus x 300 gr tottus - un ', '6.2', 'img_XX', 6),
(1400, 'berenjena baby tottus x 250 gr tottus - un ', '6.3', 'img_XX', 6),
(1401, 'tomate cherry baby tottus x 350 gr tottus - un ', '7.8', 'img_XX', 6),
(1402, 'tomate cherry baby tottus x 500 gr tottus - un ', '9.4', 'img_XX', 6),
(1403, 'setas blancas tottus x 200 gr tottus - un ', '6.9', 'img_XX', 6),
(1404, 'zuchini baby tottus x 300 gr tottus - un ', '7.6', 'img_XX', 6),
(1405, 'holantao tottus x 230 gr tottus - un ', '7.6', 'img_XX', 6),
(1406, 'cebollita roja tottus x 300 gr tottus - un ', '5.6', 'img_XX', 6),
(1407, 'pepinillo baby tottus x 250 gr tottus - un ', '6.6', 'img_XX', 6),
(1408, 'rabanito baby tottus x 200 gr tottus - un ', '5.4', 'img_XX', 6),
(1409, 'pepinillo granel - granel 1 und ', '2.2', 'img_XX', 6),
(1410, 'champiñones portobellos enteros tottus - 500 gr por bandeja ', '15.9', 'img_XX', 6),
(1411, 'camote amarillo procesado tottus - en bolsa 1 kg ', '2.2', 'img_XX', 6),
(1412, 'papa amarilla procesada tottus - en bolsa 1 kg ', '4', 'img_XX', 6),
(1413, 'ensalada mix americana personal tottus - taper 130 gr ', '4.8', 'img_XX', 6),
(1414, 'sopa mixta tottus x 300 gr tottus - táper 300 gr ', '6.4', 'img_XX', 6),
(1415, 'granadilla premium frutas - granel 1 und ', '0.6', 'img_XX', 6),
(1416, 'plátano de seda granel - granel x 5 un ', '2.7', 'img_XX', 6),
(1417, 'papaya premium frutas - granel 1 und ', '5', 'img_XX', 6),
(1418, 'palta fuerte granel - malla x 2 un ', '4.3', 'img_XX', 6),
(1419, 'fresas extra tottus tottus - al peso ', '8.2', 'img_XX', 6),
(1420, 'plátano de isla frutas - granel 1 und ', '0.99', 'img_XX', 6),
(1421, 'platano biscocho tottus - granel x kg ', '4.8', 'img_XX', 6),
(1422, 'pepinillo granel - granel 1 und ', '2.2', 'img_XX', 6),
(1423, 'melon coquito frutas - 2.8 kg es aprox. 1 un ', '3.5', 'img_XX', 6),
(1424, 'aguaymanto deshidratado 200 gr ecoandino - doy pack 200 gr ', '21.8', 'img_XX', 6),
(1425, 'tuna amarilla frutas - granel ', '7.5', 'img_XX', 6),
(1426, 'mixberries frambuesa blueberries aguaymanto 300 gr granel - granel 300 gr ', '16.5', 'img_XX', 6),
(1427, 'ensalada de piña melón sandia tottus - bandeja de 300 gr ', '6', 'img_XX', 6),
(1428, 'trapero humedo coco piso tottus - 10 unidades ', '16.9', 'img_XX', 6),
(1429, 'mascarilla en tela hidrabomb para ojos coco 1 unidad garnier - sachet 1 unidad ', '10.2', 'img_XX', 6),
(1430, 'ensalada de piña sandia uva tottus - bandeja de 300 gr ', '6', 'img_XX', 6),
(1431, 'ensalada de piña sandia papaya tottus - bandeja de 300 gr ', '6', 'img_XX', 6),
(1432, 'crema de coco botella 350 gr go-barman - frasco 350 gr ', '13.5', 'img_XX', 6),
(1433, 'fruna fresa, durazno y manzana molitalia - bolsa ', '9.9', 'img_XX', 6),
(1434, 'azúcar de coco orgánica 250 gr coco-sugar - envase 250 gr ', '17.9', 'img_XX', 6),
(1435, 'fresa congelada fest - bolsa 500 gr ', '8.9', 'img_XX', 6),
(1436, 'mermelada de fresa 1 kg fanny - frasco 1 kg ', '8.9', 'img_XX', 6),
(1437, 'yogurt fresa gloria - gloria ', '1.5', 'img_XX', 6),
(1438, 'mermelada de fresa tottus - frasco 1 kg ', '8.8', 'img_XX', 6),
(1439, 'mermelada de fresa tottus - frasco 320 gr ', '4.5', 'img_XX', 6),
(1440, 'mermelada de fresa 1 kg gloria - frasco 1 kg ', '11.9', 'img_XX', 6),
(1441, 'mermelada de fresa fanny - - ', '1.9', 'img_XX', 6),
(1442, 'descorazonador de manzanas cuisinart - utensilios ', '34.9', 'img_XX', 6),
(1443, 'tartaleta de manzana el-ombu - unidad ', '4.9', 'img_XX', 6),
(1444, 'vinagre de manzana 500 ml peru-pride - botella 500 ml ', '8.1', 'img_XX', 6),
(1445, 'manzana crispy frutas - 650g es aprox. 4un ', '5.5', 'img_XX', 6),
(1446, 'vinagre de manzana tottus - botella 500 ml ', '7.2', 'img_XX', 6),
(1447, 'tratamiento coco kativa - pote 250 ml ', '32.1', 'img_XX', 6),
(1448, 'ron coco 750 ml cartavio - botella 750 ml ', '23.9', 'img_XX', 6),
(1449, 'coco rallado karino - bolsa ', '3.5', 'img_XX', 6),
(1450, 'yogurt durazno gloria - botella 180 gr ', '1.5', 'img_XX', 6),
(1451, 'duraznos en mitades tottus - lata 820 gr ', '7.5', 'img_XX', 6),
(1452, 'duraznos en almibar aconcagua - lata 822 gr ', '8.9', 'img_XX', 6),
(1453, 'salsa de palta tottus - bolsa 100 gr ', '2.4', 'img_XX', 6),
(1454, 'dulce fresa y pulpa manzana 700 gr fanny - doypack 700 gr ', '9.2', 'img_XX', 6),
(1455, 'bebida con nata de coco sabor fresa botella 320 ml mogu-mogu - botella 320 ml ', '4.95', 'img_XX', 6),
(1456, 'mermelada de fresa 310 gr fanny - frasco 310 gr ', '5.29', 'img_XX', 6),
(1457, 'mermelada de fresa 227 gr fanny - doypack 227 gr ', '3.5', 'img_XX', 6),
(1458, 'mermelada de fresa 800 gr fanny - doypack 800 gr ', '9.9', 'img_XX', 6),
(1459, 'mermelada de fresa 320 gr fanny - pote 320 gr ', '6', 'img_XX', 6),
(1460, 'mermelada de fresa 320 gr gloria - pote 320 gr ', '5.9', 'img_XX', 6),
(1461, 'avena manzana 200 gr 3-ositos - bolsa 200 gr ', '3.9', 'img_XX', 6),
(1462, 'bebida sabor aguaje cocona y manzana botella 300 ml bio - botella 300 ml ', '3.5', 'img_XX', 6),
(1463, 'arroz superior costeño bolsa 5 kg', '19.69', 'img_XX', 1),
(1464, 'arroz extra impacto bolsa 5 kg', '18.99', 'img_XX', 1),
(1465, 'arroz superior metro bolsa 5 kg', '14.90', 'img_XX', 1),
(1466, 'arroz extra paisana bolsa 5 kg', '19.70', 'img_XX', 1),
(1467, 'arroz integral metro bolsa 5 kg', '18.90', 'img_XX', 1),
(1468, 'arroz extra añejo cuisine&co bolsa 5 kg', '19.90', 'img_XX', 1),
(1469, 'arroz extra costeño bolsa 5 kg', '22.29', 'img_XX', 1),
(1470, 'azúcar rubia cuisine&co bolsa 5 kg', '14.99', 'img_XX', 1),
(1471, 'azúcar rubia paramonga bolsa 1 kg', '3.90', 'img_XX', 1),
(1472, 'azúcar blanca paramonga bolsa 1 kg', '4.79', 'img_XX', 1),
(1473, 'papa blanca x kg', '2.59', 'img_XX', 1),
(1474, 'papa amarilla tumbay x kg', '5.19', 'img_XX', 1),
(1475, 'papa huayro metro x kg', '4.99', 'img_XX', 1),
(1476, 'papa blanca cocktail x kg', '2.49', 'img_XX', 1),
(1477, 'papa amarilla tumbay especial metro x kg', '4.59', 'img_XX', 1),
(1478, 'papa canchán procesada especial x kg', '2.89', 'img_XX', 1),
(1479, 'papa peruanita agro selecto bolsa 1 kg', '6.60', 'img_XX', 1),
(1480, 'papa tradicional mc cain bolsa 1.5 kg', '33.60', 'img_XX', 1),
(1481, 'papa huamantanga agro selecto bolsa 1 kg', '6.00', 'img_XX', 1),
(1482, 'papa negra andina agro selecto bolsa 1 kg', '4.50', 'img_XX', 1),
(1483, 'papa amarilla tumbay procesada agro selecto bolsa 2 kg', '13.80', 'img_XX', 1),
(1484, 'papa negra andina agro selecto bolsa 2 kg', '8.40', 'img_XX', 1),
(1485, 'papa amarilla tumbay agro selecto bolsa 1 kg', '7.20', 'img_XX', 1),
(1486, 'papaya metro x kg', '4.99', 'img_XX', 1),
(1487, 'papaya hawaiana super x kg', '5.29', 'img_XX', 1),
(1488, 'papaya en trozos congelada el frutero bolsa 1 kg', '12.30', 'img_XX', 1);

-- --------------------------------------------------------

--
-- Estructura de tabla para la tabla `productos`
--

CREATE TABLE `productos` (
  `product_id` bigint(20) NOT NULL,
  `product_name` varchar(255) NOT NULL,
  `product_price` varchar(255) NOT NULL DEFAULT '0',
  `product_image` varchar(255) NOT NULL DEFAULT '0',
  `est_id` bigint(20) NOT NULL
) ENGINE=InnoDB DEFAULT CHARSET=utf8mb4 ROW_FORMAT=DYNAMIC;

--
-- Volcado de datos para la tabla `productos`
--

INSERT INTO `productos` (`product_id`, `product_name`, `product_price`, `product_image`, `est_id`) VALUES
(1260, 'acelga', '2.50', 'img_XX', 5),
(1261, 'aji amarillo seco', '13.50', 'img_XX', 5),
(1262, 'aji escabeche fresco/zanahor/liso', '2.60', 'img_XX', 5),
(1263, 'aji montana/chan(costa/selva)', '3.25', 'img_XX', 5),
(1264, 'aji seco panca', '14.50', 'img_XX', 5),
(1265, 'aji rocoto (costa/sierra/selva)', '1.60', 'img_XX', 5),
(1266, 'paprika', '11.50', 'img_XX', 5),
(1267, 'ajo pelado', '5.63', 'img_XX', 5),
(1268, 'ajo criollo o napuri', '4.88', 'img_XX', 5),
(1269, 'ajo morado/barran/legit/otros', '6.88', 'img_XX', 5),
(1270, 'albahaca', '2.12', 'img_XX', 5),
(1271, 'alcachofa serrana/valle/quebrada/helada', '3.38', 'img_XX', 5),
(1272, 'apio', '0.83', 'img_XX', 5),
(1273, 'arveja verde americana/mejora/(cri/serr)', '2.35', 'img_XX', 5),
(1274, 'arveja verde blanca serrana', '2.03', 'img_XX', 5),
(1275, 'berenjena (criolla/serrana)', '3.60', 'img_XX', 5),
(1276, 'betarraga (criolla/serrana)', '1.33', 'img_XX', 5),
(1277, 'caigua (selva)', '1.53', 'img_XX', 5),
(1278, 'camote amarillo/legit/jhonatan/2001/futu', '1.01', 'img_XX', 5),
(1279, 'camote morado/leg/mila/mej/pepin/paramon', '0.98', 'img_XX', 5),
(1280, 'cebolla cabeza blanca nacional', '1.10', 'img_XX', 5),
(1281, 'cebolla cabeza roja/maj/tamb/loc/cam/mil', '1.40', 'img_XX', 5),
(1282, 'cebolla china (criolla/serrana)', '2.38', 'img_XX', 5),
(1283, 'col corazon/nene/(criolla/serrana)', '1.12', 'img_XX', 5),
(1284, 'coliflor (criolla/serrana)', '0.95', 'img_XX', 5),
(1285, 'culantro (criollo/serrano)', '1.28', 'img_XX', 5),
(1286, 'choclo serrano tipo cuzco', '2.29', 'img_XX', 5),
(1287, 'esparrago/verde/blanco', '5.00', 'img_XX', 5),
(1288, 'espinaca (criolla/serrana)', '1.85', 'img_XX', 5),
(1289, 'frejol verde canario', '3.23', 'img_XX', 5),
(1290, 'haba verde serrana', '0.98', 'img_XX', 5),
(1291, 'hierbabuena (criolla/serrana)', '1.18', 'img_XX', 5),
(1292, 'jolantau/organica', '4.50', 'img_XX', 5),
(1293, 'col china/longapa', '5.00', 'img_XX', 5),
(1294, 'pacchoy', '4.71', 'img_XX', 5),
(1295, 'kion (costa/selva)', '2.75', 'img_XX', 5),
(1296, 'frejolito chino', '2.50', 'img_XX', 5),
(1297, 'brocoli', '2.00', 'img_XX', 5),
(1298, 'huacatay (criollo/serrano)', '1.39', 'img_XX', 5),
(1299, 'lechuga americana (criolla/serrana)', '1.79', 'img_XX', 5),
(1300, 'lechuga criolla seda', '2.50', 'img_XX', 5),
(1301, 'lechuga romana/hidrof./blanca/roja/org', '1.46', 'img_XX', 5),
(1302, 'lenteja-verde/corriente', '1.87', 'img_XX', 5),
(1303, 'lenteja-verde bocona/sarandaja', '2.47', 'img_XX', 5),
(1304, 'limon citrico cajon', '1.63', 'img_XX', 5),
(1305, 'limon citrico bolsa', '1.73', 'img_XX', 5),
(1306, 'maiz morado fresc/mojad/saraso/seco', '1.78', 'img_XX', 5),
(1307, 'marlo/coronta de maiz morado', '8.00', 'img_XX', 5),
(1308, 'nabo (criollo/serrano)', '1.65', 'img_XX', 5),
(1309, 'oregano (criollo/serrano)', '7.78', 'img_XX', 5),
(1310, 'oregano seco', '13.50', 'img_XX', 5),
(1311, 'olluco largo (sin lavar/lavado)', '1.48', 'img_XX', 5),
(1312, 'olluco redondo (sin lavar/lavado)', '1.35', 'img_XX', 5),
(1313, 'oca/amarillo/rojo', '1.40', 'img_XX', 5),
(1314, 'pallar verde serrucho/cachito', '1.98', 'img_XX', 5),
(1315, 'papa amarilla', '1.28', 'img_XX', 5),
(1316, 'papa blanca/valle/otros', '1.06', 'img_XX', 5),
(1317, 'papa color/valle/otros', '0.89', 'img_XX', 5),
(1318, 'papa huayro (rojo-moro-negro)runt/marh/u', '1.20', 'img_XX', 5),
(1319, 'papa huamantanga', '1.30', 'img_XX', 5),
(1320, 'papa negra andina', '1.18', 'img_XX', 5),
(1321, 'papa peruanita (injerto)', '1.18', 'img_XX', 5),
(1322, 'papa yungay', '1.09', 'img_XX', 5),
(1323, 'papa unica', '0.83', 'img_XX', 5),
(1324, 'papa canchan', '0.99', 'img_XX', 5),
(1325, 'pepinillo', '1.38', 'img_XX', 5),
(1326, 'perejil nacional(criollo/serrano)', '1.30', 'img_XX', 5),
(1327, 'pimiento morron/injerto/ranger', '4.10', 'img_XX', 5),
(1328, 'poro (criollo/serrano)', '1.06', 'img_XX', 5),
(1329, 'rabanito (criollo/serrano)', '2.47', 'img_XX', 5),
(1330, 'tomate katia', '2.10', 'img_XX', 5),
(1331, 'vainita americana/seda/pito/corrient/mad', '2.35', 'img_XX', 5),
(1332, 'yuca amarilla/legitimo(cos/sel)', '2.10', 'img_XX', 5),
(1333, 'zanahoria (criolla-serrana)', '0.49', 'img_XX', 5),
(1334, 'zapallo italiano', '1.29', 'img_XX', 5),
(1335, 'zapallo loche', '3.83', 'img_XX', 5),
(1336, 'zapallo macre(costa/sierra/selva)', '1.03', 'img_XX', 5),
(1337, 'mashua', '1.23', 'img_XX', 5),
(1338, 'hierba luisa', '1.81', 'img_XX', 5),
(1339, 'manzanilla', '4.67', 'img_XX', 5),
(1340, 'anis fresco/verde (criolla/serrana)', '5.83', 'img_XX', 5),
(1341, 'romero', '10.83', 'img_XX', 5),
(1342, 'toronjil', '5.00', 'img_XX', 5),
(1343, 'menta', '5.83', 'img_XX', 5),
(1344, 'hinojo sin fruto', '3.34', 'img_XX', 5),
(1345, 'cedron', '4.58', 'img_XX', 5),
(1346, 'alfalfa', '1.30', 'img_XX', 5),
(1347, 'yacon', '4.63', 'img_XX', 5),
(1348, 'aguaymanto', '4.13', 'img_XX', 5),
(1349, 'carambola', '1.79', 'img_XX', 5),
(1350, 'fresa roja', '2.75', 'img_XX', 5),
(1351, 'granadilla selva', '3.00', 'img_XX', 5),
(1352, 'pera de agua', '6.25', 'img_XX', 5),
(1353, 'platanos seda', '2.32', 'img_XX', 5),
(1354, 'platanos isla', '2.58', 'img_XX', 5),
(1355, 'platanos biscochito', '2.25', 'img_XX', 5),
(1356, 'platanos bellaco', '1.95', 'img_XX', 5),
(1357, 'platanos palillo', '2.50', 'img_XX', 5),
(1358, 'uva borgoña negra', '5.38', 'img_XX', 5),
(1359, 'uva italia', '7.25', 'img_XX', 5),
(1360, 'manzana delicia(costa)', '2.95', 'img_XX', 5),
(1361, 'manzana corriente para agua', '1.35', 'img_XX', 5),
(1362, 'manzana israel', '2.25', 'img_XX', 5),
(1363, 'manzana chilena roja', '6.50', 'img_XX', 5),
(1364, 'manzana chilena verde', '6.75', 'img_XX', 5),
(1365, 'manzana chilena fuji', '6.50', 'img_XX', 5),
(1366, 'manzana chilena royal', '6.00', 'img_XX', 5),
(1367, 'maracuya costa', '2.28', 'img_XX', 5),
(1368, 'tuna huarochiri', '3.63', 'img_XX', 5),
(1369, 'sandia', '1.20', 'img_XX', 5),
(1370, 'cocona selva', '3.75', 'img_XX', 5),
(1371, 'naranja valencia selva', '1.04', 'img_XX', 5),
(1372, 'naranja huando', '4.13', 'img_XX', 5),
(1373, 'piña hawayana', '1.60', 'img_XX', 5),
(1374, 'piña golden', '1.43', 'img_XX', 5),
(1375, 'palta fuerte costa', '5.25', 'img_XX', 5),
(1376, 'papaya selva', '1.67', 'img_XX', 5),
(1377, 'melocoton', '4.50', 'img_XX', 5),
(1378, 'membrillo', '2.75', 'img_XX', 5),
(1379, 'tamarindo(con cascara)costa', '7.00', 'img_XX', 5),
(1380, 'granada(costa)', '2.95', 'img_XX', 5),
(1381, 'lucma', '5.75', 'img_XX', 5),
(1382, 'pitahaya', '8.50', 'img_XX', 5),
(1383, 'arandanos', '11.25', 'img_XX', 5),
(1384, 'coco(costa/selva)', '2.29', 'img_XX', 5),
(1385, 'chirimoya cumbe', '5.75', 'img_XX', 5),
(1386, 'mandarina', '1.95', 'img_XX', 5),
(1387, 'melon', '3.18', 'img_XX', 5);

--
-- Índices para tablas volcadas
--

--
-- Indices de la tabla `establishment`
--
ALTER TABLE `establishment`
  ADD PRIMARY KEY (`est_id`),
  ADD KEY `FK_establishment_establishment_type` (`t_est_id`);

--
-- Indices de la tabla `establishment_type`
--
ALTER TABLE `establishment_type`
  ADD PRIMARY KEY (`t_est_id`);

--
-- Indices de la tabla `product`
--
ALTER TABLE `product`
  ADD PRIMARY KEY (`product_id`) USING BTREE,
  ADD KEY `FK_product_establishment` (`est_id`) USING BTREE;

--
-- Indices de la tabla `productos`
--
ALTER TABLE `productos`
  ADD PRIMARY KEY (`product_id`) USING BTREE,
  ADD KEY `FK_product_establishment` (`est_id`) USING BTREE;

--
-- AUTO_INCREMENT de las tablas volcadas
--

--
-- AUTO_INCREMENT de la tabla `establishment`
--
ALTER TABLE `establishment`
  MODIFY `est_id` bigint(20) NOT NULL AUTO_INCREMENT, AUTO_INCREMENT=7;

--
-- AUTO_INCREMENT de la tabla `establishment_type`
--
ALTER TABLE `establishment_type`
  MODIFY `t_est_id` bigint(20) NOT NULL AUTO_INCREMENT, AUTO_INCREMENT=4;

--
-- AUTO_INCREMENT de la tabla `product`
--
ALTER TABLE `product`
  MODIFY `product_id` bigint(20) NOT NULL AUTO_INCREMENT, AUTO_INCREMENT=1489;

--
-- AUTO_INCREMENT de la tabla `productos`
--
ALTER TABLE `productos`
  MODIFY `product_id` bigint(20) NOT NULL AUTO_INCREMENT, AUTO_INCREMENT=1388;

--
-- Restricciones para tablas volcadas
--

--
-- Filtros para la tabla `establishment`
--
ALTER TABLE `establishment`
  ADD CONSTRAINT `FK_establishment_establishment_type` FOREIGN KEY (`t_est_id`) REFERENCES `establishment_type` (`t_est_id`) ON DELETE NO ACTION ON UPDATE NO ACTION;

--
-- Filtros para la tabla `product`
--
ALTER TABLE `product`
  ADD CONSTRAINT `product_ibfk_1` FOREIGN KEY (`est_id`) REFERENCES `establishment` (`est_id`) ON DELETE NO ACTION ON UPDATE NO ACTION;

--
-- Filtros para la tabla `productos`
--
ALTER TABLE `productos`
  ADD CONSTRAINT `productos_ibfk_1` FOREIGN KEY (`est_id`) REFERENCES `establishment` (`est_id`) ON DELETE NO ACTION ON UPDATE NO ACTION;
COMMIT;

/*!40101 SET CHARACTER_SET_CLIENT=@OLD_CHARACTER_SET_CLIENT */;
/*!40101 SET CHARACTER_SET_RESULTS=@OLD_CHARACTER_SET_RESULTS */;
/*!40101 SET COLLATION_CONNECTION=@OLD_COLLATION_CONNECTION */;
